rank,title,channel,view_count,like_count,comment_count,published_at,video_url,thumbnail,created_at,video_id
1,Not Like a Movie,H1-KEY - Topic,96263,1323,41,2026-01-05T09:03:22Z,https://www.youtube.com/watch?v=_UiZ-Uuw1ro,https://i.ytimg.com/vi/_UiZ-Uuw1ro/maxresdefault.jpg,2026-01-06 21:49:34,_UiZ-Uuw1ro
2,[êµ°ì²´] 30ì´ˆ ì˜ˆê³ í¸,ì‡¼ë°•ìŠ¤ SHOWBOX,99986,1090,337,2026-01-05T22:30:05Z,https://www.youtube.com/watch?v=MWveUG9bZig,https://i.ytimg.com/vi/MWveUG9bZig/maxresdefault.jpg,2026-01-06 21:49:34,MWveUG9bZig
3,[ë°ë§ˆì‹œì•„ë¥¼ ìœ„í•˜ì—¬] 2026 ì‹œì¦Œ ì˜¤í”„ë‹ ë“œë˜í”„íŠ¸,LCK,680032,0,1385,2026-01-05T09:00:07Z,https://www.youtube.com/watch?v=CaJ3lSdCO_0,https://i.ytimg.com/vi/CaJ3lSdCO_0/maxresdefault.jpg,2026-01-06 21:49:34,CaJ3lSdCO_0
4,Love Me More,Apink - Topic,137140,2996,98,2026-01-05T09:01:39Z,https://www.youtube.com/watch?v=BnqvaC65vvM,https://i.ytimg.com/vi/BnqvaC65vvM/maxresdefault.jpg,2026-01-06 21:49:34,BnqvaC65vvM
5,ì´ ì‚¬ë‘ í†µì—­ ë˜ë‚˜ìš”? | ê³µì‹ ì˜ˆê³ í¸ | ë„·í”Œë¦­ìŠ¤,Netflix Korea ë„·í”Œë¦­ìŠ¤ ì½”ë¦¬ì•„,359476,7460,738,2026-01-05T00:00:00Z,https://www.youtube.com/watch?v=IIHQ1Z2yu80,https://i.ytimg.com/vi/IIHQ1Z2yu80/maxresdefault.jpg,2026-01-06 21:49:34,IIHQ1Z2yu80
6,ëŒ€ìƒí˜„,ìŠ¹ìƒì‹±,415417,9593,824,2026-01-05T19:01:20Z,https://www.youtube.com/watch?v=gfP62pnjig0,https://i.ytimg.com/vi/gfP62pnjig0/maxresdefault.jpg,2026-01-06 21:49:34,gfP62pnjig0
7,Punk Rocky,A$AP Rocky - Topic,224308,10668,543,2026-01-05T20:00:43Z,https://www.youtube.com/watch?v=hVWyWH-caAE,https://i.ytimg.com/vi/hVWyWH-caAE/maxresdefault.jpg,2026-01-06 21:49:34,hVWyWH-caAE
8,"[15íšŒ ì˜ˆê³ ] â€œëŒ€ìœ„, ê¹€ë„ê¸°â€ ì´ì œí›ˆì„ ì°¾ì•„ì˜¨ ì˜ë¬¸ì˜ êµ°ì¸ğŸ«¡ ê·¸ë¦¬ê³  ë²„ë ¤ì§„ ëª¨ë²”íƒì‹œë¥¼ ë°œê²¬í•œ í‘œì˜ˆì§„?! | ëª¨ë²”íƒì‹œ3 | SBS",SBS ,45214,445,71,2026-01-03T14:15:06Z,https://www.youtube.com/watch?v=uAt34ypXTvw,https://i.ytimg.com/vi/uAt34ypXTvw/maxresdefault.jpg,2026-01-06 21:49:34,uAt34ypXTvw
9,"ìœ„ê¸°ì˜ ë„›ì €ë°§, êµ¬ì›íˆ¬ìˆ˜ ì‚¬ë¶€ë‹˜ ì¶œê²©!ã€ë„›ì €ë°§ í•©ìˆ™ EP.05ã€‘",ì €ë¼ëƒ JUSTLIKETHAT,136853,1021,177,2026-01-06T03:01:10Z,https://www.youtube.com/watch?v=tSIKGJRl1Gk,https://i.ytimg.com/vi/tSIKGJRl1Gk/maxresdefault.jpg,2026-01-06 21:49:34,tSIKGJRl1Gk
10,Kotonoha,tuki. - Topic,35350,1088,26,2026-01-05T10:01:43Z,https://www.youtube.com/watch?v=yvWGrak_vvU,https://i.ytimg.com/vi/yvWGrak_vvU/maxresdefault.jpg,2026-01-06 21:49:34,yvWGrak_vvU
11,ì—¬ì„¯ ê°œì˜ ë³„ì„ ìƒˆê¸°ë©°ï½œ2025 Worlds Behind,T1,683069,18607,2135,2026-01-04T14:00:07Z,https://www.youtube.com/watch?v=or7Xc8tZg-g,https://i.ytimg.com/vi/or7Xc8tZg-g/maxresdefault.jpg,2026-01-06 21:49:34,or7Xc8tZg-g
12,When it turns white,entoy - Topic,101405,1814,37,2025-12-18T09:02:49Z,https://www.youtube.com/watch?v=Nhs9NKQ0-8E,https://i.ytimg.com/vi/Nhs9NKQ0-8E/maxresdefault.jpg,2026-01-06 21:49:34,Nhs9NKQ0-8E
13,ì‚¬ëŒ ì‚´ë¦¬ëŸ¬ ì™”ìŠµë‹ˆë‹¤,ë„ë¡œ,440941,4001,815,2026-01-05T09:12:05Z,https://www.youtube.com/watch?v=w637lPH_b8M,https://i.ytimg.com/vi/w637lPH_b8M/maxresdefault.jpg,2026-01-06 21:49:34,w637lPH_b8M
14,Every Moment Of You (Original),Sung Si-kyung - Topic,222328,760,22,2025-12-31T15:02:55Z,https://www.youtube.com/watch?v=izssDYTMXis,https://i.ytimg.com/vi/izssDYTMXis/maxresdefault.jpg,2026-01-06 21:49:34,izssDYTMXis
15,"ì „ í”„ë¡œê²Œì´ë¨¸ , í˜„ ë°©ì†¡ì¸ì´ë‘ ë¡¤í•˜ë‹¤ ëŒ€íŒ ì‹¸ì› ìŠµë‹ˆë‹¤...",ê°€ì¬ë§¨,169178,2422,712,2026-01-05T15:00:45Z,https://www.youtube.com/watch?v=BWnivBjeg1Q,https://i.ytimg.com/vi/BWnivBjeg1Q/maxresdefault.jpg,2026-01-06 21:49:34,BWnivBjeg1Q
16,I Believe Change Street Version,TAEHYUN - Topic,52020,816,0,2026-01-03T03:04:03Z,https://www.youtube.com/watch?v=FDjb834LcWw,https://i.ytimg.com/vi/FDjb834LcWw/maxresdefault.jpg,2026-01-06 21:49:34,FDjb834LcWw
17,"í°ì¼ ë‚¬ìŠµë‹ˆë‹¤...ë¦¬ë·° 1400ê°œê°€ ê·¹ì°¬ì¸ ""ë¸”ë™í™€ í‚¤ìš°ê¸°"" ë°¤ìƒˆ í•˜ê³ ìˆìŒã… ã… ã… ",í˜œì•ˆ,343791,7223,766,2026-01-05T10:24:00Z,https://www.youtube.com/watch?v=7Lcz0wxGgI8,https://i.ytimg.com/vi/7Lcz0wxGgI8/maxresdefault.jpg,2026-01-06 21:49:34,7Lcz0wxGgI8
18,I Love You,AKMU - Topic,63119,145,8,2025-12-31T15:02:04Z,https://www.youtube.com/watch?v=s4PO3Wgftu8,https://i.ytimg.com/vi/s4PO3Wgftu8/maxresdefault.jpg,2026-01-06 21:49:34,s4PO3Wgftu8
19,ã€í´ìƒë„ vs ë„›ì €ë°§ ì €í‹°ì–´ ëŒ€ì „ã€‘ë¬¸íŒŒì˜ ëª…ì˜ˆë¥¼ ê±¸ê³  ë°˜ë“œì‹œ ì´ê¸°ê² ìŠµë‹ˆë‹¤!,ì´ìƒí˜¸,288024,1971,254,2026-01-04T16:15:44Z,https://www.youtube.com/watch?v=VEEL_n0NQdI,https://i.ytimg.com/vi/VEEL_n0NQdI/maxresdefault.jpg,2026-01-06 21:49:34,VEEL_n0NQdI
20,Kim Cheolsu Story,Heo Hoy Kyung - Topic,43474,238,4,2025-12-20T02:04:42Z,https://www.youtube.com/watch?v=-obnQICeRCw,https://i.ytimg.com/vi/-obnQICeRCw/maxresdefault.jpg,2026-01-06 21:49:34,-obnQICeRCw
21,DG98 : ë‹¹ì‹ ì€ ì €ê²©ëŸ¬ê°€ ë§ìŠµë‹ˆë‹¤,ë°°ê·¸ ë°•í”„ë¡œ,112678,1798,1012,2026-01-05T23:00:35Z,https://www.youtube.com/watch?v=Lm4mVkcfHFQ,https://i.ytimg.com/vi/Lm4mVkcfHFQ/maxresdefault.jpg,2026-01-06 21:49:34,Lm4mVkcfHFQ
22,"[ìµœì‹ ê°€ìš”ì—°ì†ë“£ê¸° 2026] KPOP ë…¸ë™ìš” ğŸ’š 2026ë…„ 1ì›” 5ì¼ 2ì£¼ì°¨, ë©œë¡ ì°¨íŠ¸ X, ë…¸ë˜ëª¨ìŒ í”Œë ˆì´ë¦¬ìŠ¤íŠ¸ ë©œë¡  ì¢…í•©ì°¨íŠ¸",Yeo Doll,23758,203,13,2026-01-04T23:00:22Z,https://www.youtube.com/watch?v=K55yGagNeas,https://i.ytimg.com/vi/K55yGagNeas/maxresdefault.jpg,2026-01-06 21:49:34,K55yGagNeas
23,ì—¬ì ë³´ëŠ” ëˆˆì€ ë¸”íŠœë¸Œ,ê°• ì§€,119550,5556,776,2026-01-06T07:00:49Z,https://www.youtube.com/watch?v=nEmJONUZBaY,https://i.ytimg.com/vi/nEmJONUZBaY/maxresdefault.jpg,2026-01-06 21:49:34,nEmJONUZBaY
24,Pretty Boy Swag,idntt - Topic,10513,93,6,2026-01-05T09:00:18Z,https://www.youtube.com/watch?v=7CzOdhSMs4U,https://i.ytimg.com/vi/7CzOdhSMs4U/maxresdefault.jpg,2026-01-06 21:49:34,7CzOdhSMs4U
25,ë¼ì´ì¦ˆ ì œì¼ ë§›ìˆê²Œ ì“°ëŠ” ìƒˆX,íŒ”ì°¨ì„  [8LJAYWALKING],155960,1075,189,2026-01-05T09:01:30Z,https://www.youtube.com/watch?v=qgsCO74pjDU,https://i.ytimg.com/vi/qgsCO74pjDU/maxresdefault.jpg,2026-01-06 21:49:34,qgsCO74pjDU
26,Universe (ë‚˜ì˜ ìš°ì£¼),Kwon Jin-ah - Topic,46663,775,13,2026-01-04T09:01:43Z,https://www.youtube.com/watch?v=NWQB_yFwn7k,https://i.ytimg.com/vi/NWQB_yFwn7k/maxresdefault.jpg,2026-01-06 21:49:34,NWQB_yFwn7k
27,NEW ìŠ¹ê°ê³¼ í•¨ê»˜í•˜ëŠ” ê¸°ì°¨ ë§ˆí”¼ì•„ *ì†Œë¦„ì£¼ì˜*,ì ëœ° TV,79349,7506,730,2026-01-06T07:56:00Z,https://www.youtube.com/watch?v=6uqJdMfsQ0g,https://i.ytimg.com/vi/6uqJdMfsQ0g/maxresdefault.jpg,2026-01-06 21:49:34,6uqJdMfsQ0g
28,Period (Prod. LEE MU JIN),Release - Topic,50247,867,0,2025-12-31T09:01:41Z,https://www.youtube.com/watch?v=mVpTcOyWwf0,https://i.ytimg.com/vi/mVpTcOyWwf0/maxresdefault.jpg,2026-01-06 21:49:34,mVpTcOyWwf0
29,"í´ìƒë„ vs ë„›ì €ë°§, ë“œë””ì–´ ì´ ë‚ ì´ ì™”ìŠµë‹ˆë‹¤ | í´ìƒë„ ê¸´ê¸‰í•©ìˆ™í›ˆë ¨ EP.3",í´ë¦¬ë“œ,147531,1238,347,2026-01-05T07:27:28Z,https://www.youtube.com/watch?v=v0z-U6WfoNE,https://i.ytimg.com/vi/v0z-U6WfoNE/maxresdefault.jpg,2026-01-06 21:49:34,v0z-U6WfoNE
30,Hi Bully,TOUCHED - Topic,60500,267,6,2025-12-10T18:59:17Z,https://www.youtube.com/watch?v=A-iHRvwkbs0,https://i.ytimg.com/vi/A-iHRvwkbs0/maxresdefault.jpg,2026-01-06 21:49:34,A-iHRvwkbs0
31,ì¤‘ì„¸ ìì˜ì—…ìì˜ ì‚¶,ê´´ë¬¼ì¥ ìœ íŠœë¸Œ,268603,1942,289,2026-01-05T13:30:29Z,https://www.youtube.com/watch?v=So1IvzfjgQ0,https://i.ytimg.com/vi/So1IvzfjgQ0/hqdefault.jpg,2026-01-06 21:49:34,So1IvzfjgQ0
32,ì„œë¡œ ì‚¬ë‘í•˜ëŠ” ë§ˆìŒ,ì°°ë¦¬ë¹ˆì›ìŠ¤ - Topic,38548,575,0,2026-01-03T03:04:24Z,https://www.youtube.com/watch?v=uomVNxmkylg,https://i.ytimg.com/vi/uomVNxmkylg/maxresdefault.jpg,2026-01-06 21:49:34,uomVNxmkylg
33,ì¶”í•¨ì´ ê°€ë“í•œ 2025 ì—°ë§ì‹œìƒì‹ã…‹ã…‹ã…‹,ì™ˆë„ì¿¤,146751,4545,473,2026-01-05T11:01:20Z,https://www.youtube.com/watch?v=hRFrxYTWZAE,https://i.ytimg.com/vi/hRFrxYTWZAE/maxresdefault.jpg,2026-01-06 21:49:34,hRFrxYTWZAE
34,TSUYU,Siip - Topic,426365,17280,701,2025-12-24T15:04:37Z,https://www.youtube.com/watch?v=6MiiX6PpRus,https://i.ytimg.com/vi/6MiiX6PpRus/maxresdefault.jpg,2026-01-06 21:49:34,6MiiX6PpRus
35,5ì—°ìŠ¹ ìì‹ ê°ì— ì·¨í•´ ì‹œì‘ë¶€í„° ë„ë°œí•˜ë˜ 5ìŠ¹ 0íŒ¨ ìŠ¹ë¥  100% ìƒëŒ€... ë°”ë¡œ 5ì—°íŒ¨ë¡œ ë¬¼ë¦¬ì¹˜ë£Œí•´ ì¤¬ìŠµë‹ˆë‹¤ã…‹ã…‹,[ALTUBE] ê¹€ì„±í˜„TV,110014,1103,170,2026-01-05T09:30:25Z,https://www.youtube.com/watch?v=jv6KdCnFkuM,https://i.ytimg.com/vi/jv6KdCnFkuM/maxresdefault.jpg,2026-01-06 21:49:34,jv6KdCnFkuM
36,SAY MY NAME,SAY MY NAME - Topic,61283,1231,115,2025-12-29T09:02:57Z,https://www.youtube.com/watch?v=CoRjGBNPCgA,https://i.ytimg.com/vi/CoRjGBNPCgA/maxresdefault.jpg,2026-01-06 21:49:34,CoRjGBNPCgA
37,ì§„ë²”,ì´ë„ì›,190704,5799,343,2026-01-05T08:01:15Z,https://www.youtube.com/watch?v=urD_WljKajk,https://i.ytimg.com/vi/urD_WljKajk/hqdefault.jpg,2026-01-06 21:49:34,urD_WljKajk
38,Wonderful Night,N.Flying - Topic,44501,382,19,2025-12-31T15:02:08Z,https://www.youtube.com/watch?v=sqd1tVEnL9g,https://i.ytimg.com/vi/sqd1tVEnL9g/maxresdefault.jpg,2026-01-06 21:49:34,sqd1tVEnL9g
39,ì´ë ‡ê²Œ ì˜ ìˆ¨ëŠ” ê´´ë¬¼ì€ ì‚´ë©´ì„œ ì²˜ìŒ ë´…ë‹ˆë‹¤ (ê³µí¬ê²Œì„/Skull Hotel),ìˆ˜íƒ‰,147096,3869,432,2026-01-05T12:52:01Z,https://www.youtube.com/watch?v=ce2HTLWaObg,https://i.ytimg.com/vi/ce2HTLWaObg/maxresdefault.jpg,2026-01-06 21:49:34,ce2HTLWaObg
40,7080 ë…¸ë˜ëª¨ìŒ | 50ëŒ€ì´ìƒì´ ë“¤ìœ¼ë©´ ì •ë§ ì¢‹ì•„í•  ë…¸ë˜ ì¶”ì²œê³¡ | 7080ë…¸ë˜ëª¨ìŒ ì£¼ì˜¥ê°™ì€ë…¸ë˜ | ì•„ë“íˆ ë¨¼ ê³³ - êµ¬ì°½ëª¨\ì´ì¬ì„± - ê·¸ì§‘ì•\ì–´ëŠ 60ëŒ€ ë…¸ë¶€ë¶€ ì´ì•¼ê¸°,KR - Playlits Hits 7080,4176,34,2,2026-01-05T21:00:06Z,https://www.youtube.com/watch?v=KLwUTmHEFu4,https://i.ytimg.com/vi/KLwUTmHEFu4/maxresdefault.jpg,2026-01-06 21:49:34,KLwUTmHEFu4
41,ë¬´ì§€ì„± ì˜¬ì¸ ê±°ì¸,PAKA,70098,957,151,2026-01-06T08:30:15Z,https://www.youtube.com/watch?v=urDIai6diM0,https://i.ytimg.com/vi/urDIai6diM0/maxresdefault.jpg,2026-01-06 21:49:34,urDIai6diM0
42,ëª»ëœ ì‚¬ëŒì˜ ë¹„ë°€ (Main Theme ver.),AdTear - Topic,93614,3053,3,2025-12-30T07:18:11Z,https://www.youtube.com/watch?v=03cvRC__Mz0,https://i.ytimg.com/vi/03cvRC__Mz0/maxresdefault.jpg,2026-01-06 21:49:34,03cvRC__Mz0
43,ë¡¤ì²´ë§Œ 6ë…„ë™ì•ˆ í•˜ë©´ì„œ ì²˜ìŒ ë³´ëŠ” 0.00001%ì˜ í™•ë¥ ì„ ëš«ê³  ë‚˜ì˜¨ ê¸°ì ì˜ ìƒì  ã„·ã„·ã„·ã„·,ì „ì“°íŠ¸ì˜ ê²Œì„ ì±„ë„ Junsst,143120,719,75,2026-01-05T12:15:01Z,https://www.youtube.com/watch?v=Adhaz4e2WL0,https://i.ytimg.com/vi/Adhaz4e2WL0/maxresdefault.jpg,2026-01-06 21:49:34,Adhaz4e2WL0
44,ê³¼ì •,Kkuek - Topic,30701,375,33,2025-12-30T03:04:18Z,https://www.youtube.com/watch?v=NavS54q3-jM,https://i.ytimg.com/vi/NavS54q3-jM/maxresdefault.jpg,2026-01-06 21:49:34,NavS54q3-jM
45,ì‹ ì´ ìˆ¨ê²¨ë‘” ë ˆì‹œí”¼ë¥¼ ì°¾ì•„ë‚´ëŠ” ë‚¨ì,íƒ€íŠœë¸Œ TATUBE,195218,1140,131,2026-01-05T09:01:09Z,https://www.youtube.com/watch?v=j4HV3ERF6-I,https://i.ytimg.com/vi/j4HV3ERF6-I/maxresdefault.jpg,2026-01-06 21:49:34,j4HV3ERF6-I
46,Can you hear me Change Street Version (ë“¤ë¦¬ë‚˜ìš” Change Street Version),Lee Seung Gi - Topic,26040,329,56,2026-01-03T03:03:22Z,https://www.youtube.com/watch?v=cyiS0GnNDDM,https://i.ytimg.com/vi/cyiS0GnNDDM/maxresdefault.jpg,2026-01-06 21:49:34,cyiS0GnNDDM
47,ì‹œì²­ì ëª¨ë‘ë¥¼ ì›ƒê¸´ 51ë²ˆ ì¡ê¸° ë¯¸ì…˜ã…‹ã…‹ã…‹ã…‹,ì£¼í‚¤ë‹ˆTV,120207,1709,154,2026-01-05T10:30:33Z,https://www.youtube.com/watch?v=czq1n97rnLs,https://i.ytimg.com/vi/czq1n97rnLs/maxresdefault.jpg,2026-01-06 21:49:34,czq1n97rnLs
48,ã‚¢ãƒ‰ãƒ¬ãƒŠ,YOASOBI - Topic,475173,17095,521,2026-01-03T10:00:44Z,https://www.youtube.com/watch?v=NKhw0qOLMms,https://i.ytimg.com/vi/NKhw0qOLMms/maxresdefault.jpg,2026-01-06 21:49:34,NKhw0qOLMms
49,ì‚¬í—¬ì§€ëŒ€ í•™ì‚´ì,ë ˆê³ 77,83150,438,104,2026-01-06T02:00:10Z,https://www.youtube.com/watch?v=A63cCA-fYgo,https://i.ytimg.com/vi/A63cCA-fYgo/maxresdefault.jpg,2026-01-06 21:49:34,A63cCA-fYgo
50,"[ì°¬ì†¡ê°€ ë§¤ì¼ 1ì‹œê°„ ì—°ì†ë“£ê¸°] ì˜¤ëŠ˜ ê¼­ ë“¤ì–´ì•¼ í•  ì°¬ì†¡ê°€ ì—°ì†ë“£ê¸°_ê´‘ê³ ì—†ëŠ”ì°¬ì†¡ê°€, ì°¬ì†¡ê°€ë² ìŠ¤íŠ¸, ì°¬ì†¡, ì°¬ì†¡ê°€ ì—°ì† ë“£ê¸°, ì€í˜œì°¬ì†¡, ì°¬ì†¡ê°€, ì°¬ì†¡ê°€ ì—°ì† ë“£ê¸° ê´‘ê³ ì—†ìŒ",abbapraise Christian Music ì•„ë°”í”„ë ˆì´ì¦ˆ í¬ë¦¬ìŠ¤ì²œ ë®¤ì§,7368,289,11,2026-01-05T21:00:50Z,https://www.youtube.com/watch?v=fNz0Cj4h2kc,https://i.ytimg.com/vi/fNz0Cj4h2kc/maxresdefault.jpg,2026-01-06 21:49:34,fNz0Cj4h2kc
1,Not Like a Movie,H1-KEY - Topic,109574,1462,44,2026-01-05T09:03:22Z,https://www.youtube.com/watch?v=_UiZ-Uuw1ro,https://i.ytimg.com/vi/_UiZ-Uuw1ro/maxresdefault.jpg,2026-01-07 03:35:52,_UiZ-Uuw1ro
2,[ì–´ë²¤ì ¸ìŠ¤: ë‘ ìŠ¤ë°ì´] 'ì—‘ìŠ¤ë§¨' ì˜ˆê³ í¸ ìµœì´ˆ ê³µê°œ,MarvelKorea,65874,2989,536,2026-01-06T14:33:00Z,https://www.youtube.com/watch?v=acUIyAfieHE,https://i.ytimg.com/vi/acUIyAfieHE/maxresdefault.jpg,2026-01-07 03:35:52,acUIyAfieHE
3,[ë°ë§ˆì‹œì•„ë¥¼ ìœ„í•˜ì—¬] 2026 ì‹œì¦Œ ì˜¤í”„ë‹ ì¸í„°ë·° | MIDí¸,LCK,387629,0,857,2026-01-06T08:15:41Z,https://www.youtube.com/watch?v=AoU1zNfv9HU,https://i.ytimg.com/vi/AoU1zNfv9HU/maxresdefault.jpg,2026-01-07 03:35:52,AoU1zNfv9HU
4,Love Me More,Apink - Topic,162551,3359,107,2026-01-05T09:01:39Z,https://www.youtube.com/watch?v=BnqvaC65vvM,https://i.ytimg.com/vi/BnqvaC65vvM/maxresdefault.jpg,2026-01-07 03:35:52,BnqvaC65vvM
5,ì´ì•¼.. ì§„ì§œ ë¯¸ì³¤ë‹¤ ë¯¸ì³¤ì–´.. â‰ªì–´ë²¤ì ¸ìŠ¤: ë‘ ìŠ¤ë°ì´â‰« 3ì°¨ ì—‘ìŠ¤ë§¨ í‹°ì € ì˜ˆê³ í¸ ë–¡ë°¥ ì´ì •ë¦¬,ë¬´ë¹„ëµí¬_Movie Think,50354,1710,305,2026-01-06T15:23:19Z,https://www.youtube.com/watch?v=v_LcASFYFiE,https://i.ytimg.com/vi/v_LcASFYFiE/maxresdefault.jpg,2026-01-07 03:35:52,v_LcASFYFiE
6,[LIVE] ì•„ì´ì˜¨2 ì‹ ë…„ ë¼ì´ë¸Œ ë°©ì†¡,AION2,186892,3110,233,2026-01-06T13:18:17Z,https://www.youtube.com/watch?v=5jFZSI6dABo,https://i.ytimg.com/vi/5jFZSI6dABo/maxresdefault.jpg,2026-01-07 03:35:52,5jFZSI6dABo
7,Punk Rocky,A$AP Rocky - Topic,307579,13445,603,2026-01-05T20:00:43Z,https://www.youtube.com/watch?v=hVWyWH-caAE,https://i.ytimg.com/vi/hVWyWH-caAE/maxresdefault.jpg,2026-01-07 03:35:52,hVWyWH-caAE
8,[êµ°ì²´] 30ì´ˆ ì˜ˆê³ í¸,ì‡¼ë°•ìŠ¤ SHOWBOX,135778,1405,393,2026-01-05T22:30:05Z,https://www.youtube.com/watch?v=MWveUG9bZig,https://i.ytimg.com/vi/MWveUG9bZig/maxresdefault.jpg,2026-01-07 03:35:52,MWveUG9bZig
9,ëŒ€ìƒí˜„,ìŠ¹ìƒì‹±,475447,10242,846,2026-01-05T19:01:20Z,https://www.youtube.com/watch?v=gfP62pnjig0,https://i.ytimg.com/vi/gfP62pnjig0/maxresdefault.jpg,2026-01-07 03:35:52,gfP62pnjig0
10,Kotonoha,tuki. - Topic,45999,1303,30,2026-01-05T10:01:43Z,https://www.youtube.com/watch?v=yvWGrak_vvU,https://i.ytimg.com/vi/yvWGrak_vvU/maxresdefault.jpg,2026-01-07 03:35:52,yvWGrak_vvU
11,ì´ ì‚¬ë‘ í†µì—­ ë˜ë‚˜ìš”? | ê³µì‹ ì˜ˆê³ í¸ | ë„·í”Œë¦­ìŠ¤,Netflix Korea ë„·í”Œë¦­ìŠ¤ ì½”ë¦¬ì•„,387473,7687,762,2026-01-05T00:00:00Z,https://www.youtube.com/watch?v=IIHQ1Z2yu80,https://i.ytimg.com/vi/IIHQ1Z2yu80/maxresdefault.jpg,2026-01-07 03:35:52,IIHQ1Z2yu80
12,ê·¸ë¦¼ì êµ°ì£¼ë‹˜ì„ ëµ™ìŠµë‹ˆë‹¤,ì¡ìƒì‹±,172225,1558,56,2026-01-06T11:01:37Z,https://www.youtube.com/watch?v=p6sR9rPAcho,https://i.ytimg.com/vi/p6sR9rPAcho/maxresdefault.jpg,2026-01-07 03:35:52,p6sR9rPAcho
13,When it turns white,entoy - Topic,106625,1827,37,2025-12-18T09:02:49Z,https://www.youtube.com/watch?v=Nhs9NKQ0-8E,https://i.ytimg.com/vi/Nhs9NKQ0-8E/maxresdefault.jpg,2026-01-07 03:35:52,Nhs9NKQ0-8E
14,"ì™€.. ì—°ìƒí˜¸ ã€Šêµ°ì²´ã€‹ ì²« ì˜ˆê³ í¸ ë–´ë‹¤..ğŸ”¥ ""ë¶€ì‚°í–‰""ì„ ì‡ëŠ” í•œêµ­ ì¢€ë¹„ì˜í™” & ì¡´ì¬ê° ë¯¸ì¹œ ë¹ŒëŸ° ""êµ¬êµí™˜""ê¹Œì§€ã„·ã„· (+2026 í•œêµ­ì¢€ë¹„ ì‘í’ˆ ì´ì •ë¦¬)",ë§¤ë“œë¬´ë¹„ : MadMovie,68545,655,141,2026-01-06T08:15:18Z,https://www.youtube.com/watch?v=oPmy99lZr6c,https://i.ytimg.com/vi/oPmy99lZr6c/maxresdefault.jpg,2026-01-07 03:35:52,oPmy99lZr6c
15,"ìœ„ê¸°ì˜ ë„›ì €ë°§, êµ¬ì›íˆ¬ìˆ˜ ì‚¬ë¶€ë‹˜ ì¶œê²©!ã€ë„›ì €ë°§ í•©ìˆ™ EP.05ã€‘",ì €ë¼ëƒ JUSTLIKETHAT,177631,1182,200,2026-01-06T03:01:10Z,https://www.youtube.com/watch?v=tSIKGJRl1Gk,https://i.ytimg.com/vi/tSIKGJRl1Gk/maxresdefault.jpg,2026-01-07 03:35:52,tSIKGJRl1Gk
16,Every Moment Of You (Original),Sung Si-kyung - Topic,234622,798,22,2025-12-31T15:02:55Z,https://www.youtube.com/watch?v=izssDYTMXis,https://i.ytimg.com/vi/izssDYTMXis/maxresdefault.jpg,2026-01-07 03:35:52,izssDYTMXis
17,"[15íšŒ ì˜ˆê³ ] â€œëŒ€ìœ„, ê¹€ë„ê¸°â€ ì´ì œí›ˆì„ ì°¾ì•„ì˜¨ ì˜ë¬¸ì˜ êµ°ì¸ğŸ«¡ ê·¸ë¦¬ê³  ë²„ë ¤ì§„ ëª¨ë²”íƒì‹œë¥¼ ë°œê²¬í•œ í‘œì˜ˆì§„?! | ëª¨ë²”íƒì‹œ3 | SBS",SBS ,45886,451,71,2026-01-03T14:15:06Z,https://www.youtube.com/watch?v=uAt34ypXTvw,https://i.ytimg.com/vi/uAt34ypXTvw/maxresdefault.jpg,2026-01-07 03:35:52,uAt34ypXTvw
18,ë¬´ì§€ì„± ì˜¬ì¸ ê±°ì¸,PAKA,157210,1452,183,2026-01-06T08:30:15Z,https://www.youtube.com/watch?v=urDIai6diM0,https://i.ytimg.com/vi/urDIai6diM0/maxresdefault.jpg,2026-01-07 03:35:52,urDIai6diM0
19,I Believe Change Street Version,TAEHYUN - Topic,54499,824,0,2026-01-03T03:04:03Z,https://www.youtube.com/watch?v=FDjb834LcWw,https://i.ytimg.com/vi/FDjb834LcWw/maxresdefault.jpg,2026-01-07 03:35:52,FDjb834LcWw
20,ì‚¬ëŒ ì‚´ë¦¬ëŸ¬ ì™”ìŠµë‹ˆë‹¤,ë„ë¡œ,475488,4144,846,2026-01-05T09:12:05Z,https://www.youtube.com/watch?v=w637lPH_b8M,https://i.ytimg.com/vi/w637lPH_b8M/maxresdefault.jpg,2026-01-07 03:35:52,w637lPH_b8M
21,I Love You,AKMU - Topic,67265,154,9,2025-12-31T15:02:04Z,https://www.youtube.com/watch?v=s4PO3Wgftu8,https://i.ytimg.com/vi/s4PO3Wgftu8/maxresdefault.jpg,2026-01-07 03:35:52,s4PO3Wgftu8
22,NEW ìŠ¹ê°ê³¼ í•¨ê»˜í•˜ëŠ” ê¸°ì°¨ ë§ˆí”¼ì•„ *ì†Œë¦„ì£¼ì˜*,ì ëœ° TV,147667,9428,813,2026-01-06T07:56:00Z,https://www.youtube.com/watch?v=6uqJdMfsQ0g,https://i.ytimg.com/vi/6uqJdMfsQ0g/maxresdefault.jpg,2026-01-07 03:35:52,6uqJdMfsQ0g
23,Kim Cheolsu Story,Heo Hoy Kyung - Topic,45458,250,4,2025-12-20T02:04:42Z,https://www.youtube.com/watch?v=-obnQICeRCw,https://i.ytimg.com/vi/-obnQICeRCw/maxresdefault.jpg,2026-01-07 03:35:52,-obnQICeRCw
24,ê²Œì„ ì‹œì‘ 20ë¶„ì´ ë„˜ì—ˆëŠ”ë° ì¸êµ¬ìˆ˜ê°€ 4â€¦ ì˜¤ë²„ë¡œë“œë§Œ ë¯¸ì¹œ ë“¯ì´ ì¡ìœ¼ë©´ ë²Œì–´ì§€ëŠ” ì¼ã…‹ã…‹,[ALTUBE] ê¹€ì„±í˜„TV,86979,1032,155,2026-01-06T09:30:40Z,https://www.youtube.com/watch?v=oUBziTCoMj8,https://i.ytimg.com/vi/oUBziTCoMj8/maxresdefault.jpg,2026-01-07 03:35:52,oUBziTCoMj8
25,"[ìµœì‹ ê°€ìš”ì—°ì†ë“£ê¸° 2026] KPOP ë…¸ë™ìš” ğŸ’š 2026ë…„ 1ì›” 5ì¼ 2ì£¼ì°¨, ë©œë¡ ì°¨íŠ¸ X, ë…¸ë˜ëª¨ìŒ í”Œë ˆì´ë¦¬ìŠ¤íŠ¸ ë©œë¡  ì¢…í•©ì°¨íŠ¸",Yeo Doll,25484,207,13,2026-01-04T23:00:22Z,https://www.youtube.com/watch?v=K55yGagNeas,https://i.ytimg.com/vi/K55yGagNeas/maxresdefault.jpg,2026-01-07 03:35:52,K55yGagNeas
26,ì—¬ì ë³´ëŠ” ëˆˆì€ ë¸”íŠœë¸Œ,ê°• ì§€,204329,7160,897,2026-01-06T07:00:49Z,https://www.youtube.com/watch?v=nEmJONUZBaY,https://i.ytimg.com/vi/nEmJONUZBaY/maxresdefault.jpg,2026-01-07 03:35:52,nEmJONUZBaY
27,Pretty Boy Swag,idntt - Topic,11663,104,6,2026-01-05T09:00:18Z,https://www.youtube.com/watch?v=7CzOdhSMs4U,https://i.ytimg.com/vi/7CzOdhSMs4U/maxresdefault.jpg,2026-01-07 03:35:52,7CzOdhSMs4U
28,ì—¬ì„¯ ê°œì˜ ë³„ì„ ìƒˆê¸°ë©°ï½œ2025 Worlds Behind,T1,709010,18946,2157,2026-01-04T14:00:07Z,https://www.youtube.com/watch?v=or7Xc8tZg-g,https://i.ytimg.com/vi/or7Xc8tZg-g/maxresdefault.jpg,2026-01-07 03:35:52,or7Xc8tZg-g
29,Universe (ë‚˜ì˜ ìš°ì£¼),Kwon Jin-ah - Topic,50036,803,13,2026-01-04T09:01:43Z,https://www.youtube.com/watch?v=NWQB_yFwn7k,https://i.ytimg.com/vi/NWQB_yFwn7k/maxresdefault.jpg,2026-01-07 03:35:52,NWQB_yFwn7k
30,"ì „ í”„ë¡œê²Œì´ë¨¸ , í˜„ ë°©ì†¡ì¸ì´ë‘ ë¡¤í•˜ë‹¤ ëŒ€íŒ ì‹¸ì› ìŠµë‹ˆë‹¤...",ê°€ì¬ë§¨,191077,2611,726,2026-01-05T15:00:45Z,https://www.youtube.com/watch?v=BWnivBjeg1Q,https://i.ytimg.com/vi/BWnivBjeg1Q/maxresdefault.jpg,2026-01-07 03:35:52,BWnivBjeg1Q
31,Light Up (Prod. GroovyRoom),Release - Topic,81892,1688,0,2025-12-31T09:03:06Z,https://www.youtube.com/watch?v=w0qafjd3TNg,https://i.ytimg.com/vi/w0qafjd3TNg/maxresdefault.jpg,2026-01-07 03:35:52,w0qafjd3TNg
32,DG98 : ë‹¹ì‹ ì€ ì €ê²©ëŸ¬ê°€ ë§ìŠµë‹ˆë‹¤,ë°°ê·¸ ë°•í”„ë¡œ,129084,2041,1132,2026-01-05T23:00:35Z,https://www.youtube.com/watch?v=Lm4mVkcfHFQ,https://i.ytimg.com/vi/Lm4mVkcfHFQ/maxresdefault.jpg,2026-01-07 03:35:52,Lm4mVkcfHFQ
33,Hi Bully,TOUCHED - Topic,62899,275,6,2025-12-10T18:59:17Z,https://www.youtube.com/watch?v=A-iHRvwkbs0,https://i.ytimg.com/vi/A-iHRvwkbs0/maxresdefault.jpg,2026-01-07 03:35:52,A-iHRvwkbs0
34,"í°ì¼ ë‚¬ìŠµë‹ˆë‹¤...ë¦¬ë·° 1400ê°œê°€ ê·¹ì°¬ì¸ ""ë¸”ë™í™€ í‚¤ìš°ê¸°"" ë°¤ìƒˆ í•˜ê³ ìˆìŒã… ã… ã… ",í˜œì•ˆ,389260,7758,798,2026-01-05T10:24:00Z,https://www.youtube.com/watch?v=7Lcz0wxGgI8,https://i.ytimg.com/vi/7Lcz0wxGgI8/maxresdefault.jpg,2026-01-07 03:35:52,7Lcz0wxGgI8
35,ì„œë¡œ ì‚¬ë‘í•˜ëŠ” ë§ˆìŒ,ì°°ë¦¬ë¹ˆì›ìŠ¤ - Topic,40215,590,0,2026-01-03T03:04:24Z,https://www.youtube.com/watch?v=uomVNxmkylg,https://i.ytimg.com/vi/uomVNxmkylg/maxresdefault.jpg,2026-01-07 03:35:52,uomVNxmkylg
36,í”„ë¦¬ì¦˜ í‹°ì¼“ ìš”ë“¤ì€ ì‹ ì´ë‹¤ ã…‹ã…‹ã…‹ã…‹ã…‹,ì „ì“°íŠ¸ì˜ ê²Œì„ ì±„ë„ Junsst,68661,438,45,2026-01-06T12:15:03Z,https://www.youtube.com/watch?v=HWoFjlt1VkA,https://i.ytimg.com/vi/HWoFjlt1VkA/maxresdefault.jpg,2026-01-07 03:35:52,HWoFjlt1VkA
37,Dream (Veiled Musician X Paul Kim with Gamil-dong Cotton Candy) (Dream (ë² ì¼ë“œë®¤ì§€ì…˜ X...,Paul Kim - Topic,8463,270,5,2026-01-06T09:03:04Z,https://www.youtube.com/watch?v=UwUNEgb-0xU,https://i.ytimg.com/vi/UwUNEgb-0xU/maxresdefault.jpg,2026-01-07 03:35:52,UwUNEgb-0xU
38,ì´ì œ ë§ì„¤ì´ì§€ë§ˆì„¸ìš”. 'ì´ì‰¬íƒˆ ì „ìš© ì¦ê°•' ì‚¬ìš©ë²•,íŒ”ì°¨ì„  [8LJAYWALKING],93116,615,79,2026-01-06T09:01:28Z,https://www.youtube.com/watch?v=ww9l8zYs1Cg,https://i.ytimg.com/vi/ww9l8zYs1Cg/maxresdefault.jpg,2026-01-07 03:35:52,ww9l8zYs1Cg
39,TSUYU,Siip - Topic,434499,17339,701,2025-12-24T15:04:37Z,https://www.youtube.com/watch?v=6MiiX6PpRus,https://i.ytimg.com/vi/6MiiX6PpRus/maxresdefault.jpg,2026-01-07 03:35:52,6MiiX6PpRus
40,ã€í´ìƒë„ vs ë„›ì €ë°§ ì €í‹°ì–´ ëŒ€ì „ã€‘ë¬¸íŒŒì˜ ëª…ì˜ˆë¥¼ ê±¸ê³  ë°˜ë“œì‹œ ì´ê¸°ê² ìŠµë‹ˆë‹¤!,ì´ìƒí˜¸,297289,1998,260,2026-01-04T16:15:44Z,https://www.youtube.com/watch?v=VEEL_n0NQdI,https://i.ytimg.com/vi/VEEL_n0NQdI/maxresdefault.jpg,2026-01-07 03:35:52,VEEL_n0NQdI
41,ì„ì¬ë²”(Yim jaebeum) - Life is a Drama_MV,ì„ì¬ë²” ê³µì‹ì±„ë„ Yimjaebeum Official,19435,1304,193,2026-01-06T09:00:53Z,https://www.youtube.com/watch?v=YDr_9JI6zQ4,https://i.ytimg.com/vi/YDr_9JI6zQ4/maxresdefault.jpg,2026-01-07 03:35:52,YDr_9JI6zQ4
42,ì´ë ‡ê²Œ ì˜ ìˆ¨ëŠ” ê´´ë¬¼ì€ ì‚´ë©´ì„œ ì²˜ìŒ ë´…ë‹ˆë‹¤ (ê³µí¬ê²Œì„/Skull Hotel),ìˆ˜íƒ‰,179138,4311,473,2026-01-05T12:52:01Z,https://www.youtube.com/watch?v=ce2HTLWaObg,https://i.ytimg.com/vi/ce2HTLWaObg/maxresdefault.jpg,2026-01-07 03:35:52,ce2HTLWaObg
43,SAY MY NAME,SAY MY NAME - Topic,64015,1256,117,2025-12-29T09:02:57Z,https://www.youtube.com/watch?v=CoRjGBNPCgA,https://i.ytimg.com/vi/CoRjGBNPCgA/maxresdefault.jpg,2026-01-07 03:35:52,CoRjGBNPCgA
44,ì¤‘ì„¸ ìì˜ì—…ìì˜ ì‚¶,ê´´ë¬¼ì¥ ìœ íŠœë¸Œ,295477,2056,314,2026-01-05T13:30:29Z,https://www.youtube.com/watch?v=So1IvzfjgQ0,https://i.ytimg.com/vi/So1IvzfjgQ0/hqdefault.jpg,2026-01-07 03:35:52,So1IvzfjgQ0
45,Wonderful Night,N.Flying - Topic,46698,391,19,2025-12-31T15:02:08Z,https://www.youtube.com/watch?v=sqd1tVEnL9g,https://i.ytimg.com/vi/sqd1tVEnL9g/maxresdefault.jpg,2026-01-07 03:35:52,sqd1tVEnL9g
46,"í´ìƒë„ vs ë„›ì €ë°§, ë“œë””ì–´ ì´ ë‚ ì´ ì™”ìŠµë‹ˆë‹¤ | í´ìƒë„ ê¸´ê¸‰í•©ìˆ™í›ˆë ¨ EP.3",í´ë¦¬ë“œ,156268,1299,357,2026-01-05T07:27:28Z,https://www.youtube.com/watch?v=v0z-U6WfoNE,https://i.ytimg.com/vi/v0z-U6WfoNE/maxresdefault.jpg,2026-01-07 03:35:52,v0z-U6WfoNE
47,7080 ë…¸ë˜ëª¨ìŒ | 50ëŒ€ì´ìƒì´ ë“¤ìœ¼ë©´ ì •ë§ ì¢‹ì•„í•  ë…¸ë˜ ì¶”ì²œê³¡ | 7080ë…¸ë˜ëª¨ìŒ ì£¼ì˜¥ê°™ì€ë…¸ë˜ | ì•„ë“íˆ ë¨¼ ê³³ - êµ¬ì°½ëª¨\ì´ì¬ì„± - ê·¸ì§‘ì•\ì–´ëŠ 60ëŒ€ ë…¸ë¶€ë¶€ ì´ì•¼ê¸°,KR - Playlits Hits 7080,4915,39,2,2026-01-05T21:00:06Z,https://www.youtube.com/watch?v=KLwUTmHEFu4,https://i.ytimg.com/vi/KLwUTmHEFu4/maxresdefault.jpg,2026-01-07 03:35:52,KLwUTmHEFu4
48,ì´ë²ˆì—” 86ë²ˆ ì¡ê¸° ë¯¸ì…˜ì¸ë° í‹°ë°ì„ã…‹ã…‹ã…‹ã…‹,ì£¼í‚¤ë‹ˆTV,72019,1184,83,2026-01-06T10:30:32Z,https://www.youtube.com/watch?v=ZG1Vaq7eerc,https://i.ytimg.com/vi/ZG1Vaq7eerc/maxresdefault.jpg,2026-01-07 03:35:52,ZG1Vaq7eerc
49,ëª»ëœ ì‚¬ëŒì˜ ë¹„ë°€ (Main Theme ver.),AdTear - Topic,94805,3053,3,2025-12-30T07:18:11Z,https://www.youtube.com/watch?v=03cvRC__Mz0,https://i.ytimg.com/vi/03cvRC__Mz0/maxresdefault.jpg,2026-01-07 03:35:52,03cvRC__Mz0
50,ì¶”í•¨ì´ ê°€ë“í•œ 2025 ì—°ë§ì‹œìƒì‹ã…‹ã…‹ã…‹,ì™ˆë„ì¿¤,154070,4648,471,2026-01-05T11:01:20Z,https://www.youtube.com/watch?v=hRFrxYTWZAE,https://i.ytimg.com/vi/hRFrxYTWZAE/maxresdefault.jpg,2026-01-07 03:35:52,hRFrxYTWZAE
1,Not Like a Movie,H1-KEY - Topic,120142,1685,46,2026-01-05T09:03:22Z,https://www.youtube.com/watch?v=_UiZ-Uuw1ro,https://i.ytimg.com/vi/_UiZ-Uuw1ro/maxresdefault.jpg,2026-01-07 09:47:33,_UiZ-Uuw1ro
2,[ì–´ë²¤ì ¸ìŠ¤: ë‘ ìŠ¤ë°ì´] 'ì—‘ìŠ¤ë§¨' ì˜ˆê³ í¸ ìµœì´ˆ ê³µê°œ,MarvelKorea,230681,5023,818,2026-01-06T14:33:00Z,https://www.youtube.com/watch?v=acUIyAfieHE,https://i.ytimg.com/vi/acUIyAfieHE/maxresdefault.jpg,2026-01-07 09:47:33,acUIyAfieHE
3,[ë°ë§ˆì‹œì•„ë¥¼ ìœ„í•˜ì—¬] 2026 ì‹œì¦Œ ì˜¤í”„ë‹ ì¸í„°ë·° | MIDí¸,LCK,422752,0,886,2026-01-06T08:15:41Z,https://www.youtube.com/watch?v=AoU1zNfv9HU,https://i.ytimg.com/vi/AoU1zNfv9HU/maxresdefault.jpg,2026-01-07 09:47:33,AoU1zNfv9HU
4,Love Me More,Apink - Topic,181081,3639,112,2026-01-05T09:01:39Z,https://www.youtube.com/watch?v=BnqvaC65vvM,https://i.ytimg.com/vi/BnqvaC65vvM/maxresdefault.jpg,2026-01-07 09:47:33,BnqvaC65vvM
5,ì´ì•¼.. ì§„ì§œ ë¯¸ì³¤ë‹¤ ë¯¸ì³¤ì–´.. â‰ªì–´ë²¤ì ¸ìŠ¤: ë‘ ìŠ¤ë°ì´â‰« 3ì°¨ ì—‘ìŠ¤ë§¨ í‹°ì € ì˜ˆê³ í¸ ë–¡ë°¥ ì´ì •ë¦¬,ë¬´ë¹„ëµí¬_Movie Think,154491,3160,475,2026-01-06T15:23:19Z,https://www.youtube.com/watch?v=v_LcASFYFiE,https://i.ytimg.com/vi/v_LcASFYFiE/maxresdefault.jpg,2026-01-07 09:47:33,v_LcASFYFiE
6,[LIVE] ì•„ì´ì˜¨2 ì‹ ë…„ ë¼ì´ë¸Œ ë°©ì†¡,AION2,194717,3181,352,2026-01-06T13:18:17Z,https://www.youtube.com/watch?v=5jFZSI6dABo,https://i.ytimg.com/vi/5jFZSI6dABo/maxresdefault.jpg,2026-01-07 09:47:33,5jFZSI6dABo
7,Punk Rocky,A$AP Rocky - Topic,413597,16119,676,2026-01-05T20:00:43Z,https://www.youtube.com/watch?v=hVWyWH-caAE,https://i.ytimg.com/vi/hVWyWH-caAE/maxresdefault.jpg,2026-01-07 09:47:33,hVWyWH-caAE
8,[êµ°ì²´] 30ì´ˆ ì˜ˆê³ í¸,ì‡¼ë°•ìŠ¤ SHOWBOX,174972,1508,421,2026-01-05T22:30:05Z,https://www.youtube.com/watch?v=MWveUG9bZig,https://i.ytimg.com/vi/MWveUG9bZig/maxresdefault.jpg,2026-01-07 09:47:33,MWveUG9bZig
9,ëŒ€ìƒí˜„,ìŠ¹ìƒì‹±,489122,10344,853,2026-01-05T19:01:20Z,https://www.youtube.com/watch?v=gfP62pnjig0,https://i.ytimg.com/vi/gfP62pnjig0/maxresdefault.jpg,2026-01-07 09:47:33,gfP62pnjig0
10,Kotonoha,tuki. - Topic,53614,1479,31,2026-01-05T10:01:43Z,https://www.youtube.com/watch?v=yvWGrak_vvU,https://i.ytimg.com/vi/yvWGrak_vvU/maxresdefault.jpg,2026-01-07 09:47:33,yvWGrak_vvU
11,ì´ ì‚¬ë‘ í†µì—­ ë˜ë‚˜ìš”? | ê³µì‹ ì˜ˆê³ í¸ | ë„·í”Œë¦­ìŠ¤,Netflix Korea ë„·í”Œë¦­ìŠ¤ ì½”ë¦¬ì•„,395314,7763,776,2026-01-05T00:00:00Z,https://www.youtube.com/watch?v=IIHQ1Z2yu80,https://i.ytimg.com/vi/IIHQ1Z2yu80/maxresdefault.jpg,2026-01-07 09:47:33,IIHQ1Z2yu80
12,ê·¸ë¦¼ì êµ°ì£¼ë‹˜ì„ ëµ™ìŠµë‹ˆë‹¤,ì¡ìƒì‹±,215679,1784,64,2026-01-06T11:01:37Z,https://www.youtube.com/watch?v=p6sR9rPAcho,https://i.ytimg.com/vi/p6sR9rPAcho/maxresdefault.jpg,2026-01-07 09:47:33,p6sR9rPAcho
13,When it turns white,entoy - Topic,108939,1842,37,2025-12-18T09:02:49Z,https://www.youtube.com/watch?v=Nhs9NKQ0-8E,https://i.ytimg.com/vi/Nhs9NKQ0-8E/maxresdefault.jpg,2026-01-07 09:47:33,Nhs9NKQ0-8E
14,"ì™€.. ì—°ìƒí˜¸ ã€Šêµ°ì²´ã€‹ ì²« ì˜ˆê³ í¸ ë–´ë‹¤..ğŸ”¥ ""ë¶€ì‚°í–‰""ì„ ì‡ëŠ” í•œêµ­ ì¢€ë¹„ì˜í™” & ì¡´ì¬ê° ë¯¸ì¹œ ë¹ŒëŸ° ""êµ¬êµí™˜""ê¹Œì§€ã„·ã„· (+2026 í•œêµ­ì¢€ë¹„ ì‘í’ˆ ì´ì •ë¦¬)",ë§¤ë“œë¬´ë¹„ : MadMovie,86203,750,176,2026-01-06T08:15:18Z,https://www.youtube.com/watch?v=oPmy99lZr6c,https://i.ytimg.com/vi/oPmy99lZr6c/maxresdefault.jpg,2026-01-07 09:47:33,oPmy99lZr6c
15,"ìœ„ê¸°ì˜ ë„›ì €ë°§, êµ¬ì›íˆ¬ìˆ˜ ì‚¬ë¶€ë‹˜ ì¶œê²©!ã€ë„›ì €ë°§ í•©ìˆ™ EP.05ã€‘",ì €ë¼ëƒ JUSTLIKETHAT,188377,1223,209,2026-01-06T03:01:10Z,https://www.youtube.com/watch?v=tSIKGJRl1Gk,https://i.ytimg.com/vi/tSIKGJRl1Gk/maxresdefault.jpg,2026-01-07 09:47:33,tSIKGJRl1Gk
16,Every Moment Of You (Piano Ver.),Sung Si-kyung - Topic,50990,149,4,2025-12-31T15:03:36Z,https://www.youtube.com/watch?v=Ps2UeoRG-U8,https://i.ytimg.com/vi/Ps2UeoRG-U8/maxresdefault.jpg,2026-01-07 09:47:33,Ps2UeoRG-U8
17,"[15íšŒ ì˜ˆê³ ] â€œëŒ€ìœ„, ê¹€ë„ê¸°â€ ì´ì œí›ˆì„ ì°¾ì•„ì˜¨ ì˜ë¬¸ì˜ êµ°ì¸ğŸ«¡ ê·¸ë¦¬ê³  ë²„ë ¤ì§„ ëª¨ë²”íƒì‹œë¥¼ ë°œê²¬í•œ í‘œì˜ˆì§„?! | ëª¨ë²”íƒì‹œ3 | SBS",SBS ,46221,454,71,2026-01-03T14:15:06Z,https://www.youtube.com/watch?v=uAt34ypXTvw,https://i.ytimg.com/vi/uAt34ypXTvw/maxresdefault.jpg,2026-01-07 09:47:33,uAt34ypXTvw
18,ë¬´ì§€ì„± ì˜¬ì¸ ê±°ì¸,PAKA,188513,1580,196,2026-01-06T08:30:15Z,https://www.youtube.com/watch?v=urDIai6diM0,https://i.ytimg.com/vi/urDIai6diM0/maxresdefault.jpg,2026-01-07 09:47:33,urDIai6diM0
19,Dream (Veiled Musician X Paul Kim with Gamil-dong Cotton Candy) (Dream (ë² ì¼ë“œë®¤ì§€ì…˜ X...,Paul Kim - Topic,12523,355,5,2026-01-06T09:03:04Z,https://www.youtube.com/watch?v=UwUNEgb-0xU,https://i.ytimg.com/vi/UwUNEgb-0xU/maxresdefault.jpg,2026-01-07 09:47:33,UwUNEgb-0xU
20,ê²Œì„ ì‹œì‘ 20ë¶„ì´ ë„˜ì—ˆëŠ”ë° ì¸êµ¬ìˆ˜ê°€ 4â€¦ ì˜¤ë²„ë¡œë“œë§Œ ë¯¸ì¹œ ë“¯ì´ ì¡ìœ¼ë©´ ë²Œì–´ì§€ëŠ” ì¼ã…‹ã…‹,[ALTUBE] ê¹€ì„±í˜„TV,105134,1168,167,2026-01-06T09:30:40Z,https://www.youtube.com/watch?v=oUBziTCoMj8,https://i.ytimg.com/vi/oUBziTCoMj8/maxresdefault.jpg,2026-01-07 09:47:33,oUBziTCoMj8
21,I Believe Change Street Version,TAEHYUN - Topic,55971,831,0,2026-01-03T03:04:03Z,https://www.youtube.com/watch?v=FDjb834LcWw,https://i.ytimg.com/vi/FDjb834LcWw/maxresdefault.jpg,2026-01-07 09:47:33,FDjb834LcWw
22,NEW ìŠ¹ê°ê³¼ í•¨ê»˜í•˜ëŠ” ê¸°ì°¨ ë§ˆí”¼ì•„ *ì†Œë¦„ì£¼ì˜*,ì ëœ° TV,159621,9880,836,2026-01-06T07:56:00Z,https://www.youtube.com/watch?v=6uqJdMfsQ0g,https://i.ytimg.com/vi/6uqJdMfsQ0g/maxresdefault.jpg,2026-01-07 09:47:33,6uqJdMfsQ0g
23,I Love You,AKMU - Topic,71394,165,9,2025-12-31T15:02:04Z,https://www.youtube.com/watch?v=s4PO3Wgftu8,https://i.ytimg.com/vi/s4PO3Wgftu8/maxresdefault.jpg,2026-01-07 09:47:33,s4PO3Wgftu8
24,ì‚¬ëŒ ì‚´ë¦¬ëŸ¬ ì™”ìŠµë‹ˆë‹¤,ë„ë¡œ,492442,4186,853,2026-01-05T09:12:05Z,https://www.youtube.com/watch?v=w637lPH_b8M,https://i.ytimg.com/vi/w637lPH_b8M/maxresdefault.jpg,2026-01-07 09:47:33,w637lPH_b8M
25,Kim Cheolsu Story,Heo Hoy Kyung - Topic,47474,260,4,2025-12-20T02:04:42Z,https://www.youtube.com/watch?v=-obnQICeRCw,https://i.ytimg.com/vi/-obnQICeRCw/maxresdefault.jpg,2026-01-07 09:47:33,-obnQICeRCw
26,ì—¬ì ë³´ëŠ” ëˆˆì€ ë¸”íŠœë¸Œ,ê°• ì§€,228246,7763,825,2026-01-06T07:00:49Z,https://www.youtube.com/watch?v=nEmJONUZBaY,https://i.ytimg.com/vi/nEmJONUZBaY/maxresdefault.jpg,2026-01-07 09:47:33,nEmJONUZBaY
27,"[ìµœì‹ ê°€ìš”ì—°ì†ë“£ê¸° 2026] KPOP ë…¸ë™ìš” ğŸ’š 2026ë…„ 1ì›” 5ì¼ 2ì£¼ì°¨, ë©œë¡ ì°¨íŠ¸ X, ë…¸ë˜ëª¨ìŒ í”Œë ˆì´ë¦¬ìŠ¤íŠ¸ ë©œë¡  ì¢…í•©ì°¨íŠ¸",Yeo Doll,26425,211,13,2026-01-04T23:00:22Z,https://www.youtube.com/watch?v=K55yGagNeas,https://i.ytimg.com/vi/K55yGagNeas/maxresdefault.jpg,2026-01-07 09:47:33,K55yGagNeas
28,ì—¬ì„¯ ê°œì˜ ë³„ì„ ìƒˆê¸°ë©°ï½œ2025 Worlds Behind,T1,719506,19103,2164,2026-01-04T14:00:07Z,https://www.youtube.com/watch?v=or7Xc8tZg-g,https://i.ytimg.com/vi/or7Xc8tZg-g/maxresdefault.jpg,2026-01-07 09:47:33,or7Xc8tZg-g
29,ì„ì¬ë²”(Yim jaebeum) - Life is a Drama_MV,ì„ì¬ë²” ê³µì‹ì±„ë„ Yimjaebeum Official,22410,1436,204,2026-01-06T09:00:53Z,https://www.youtube.com/watch?v=YDr_9JI6zQ4,https://i.ytimg.com/vi/YDr_9JI6zQ4/maxresdefault.jpg,2026-01-07 09:47:33,YDr_9JI6zQ4
30,í”„ë¦¬ì¦˜ í‹°ì¼“ ìš”ë“¤ì€ ì‹ ì´ë‹¤ ã…‹ã…‹ã…‹ã…‹ã…‹,ì „ì“°íŠ¸ì˜ ê²Œì„ ì±„ë„ Junsst,98154,528,51,2026-01-06T12:15:03Z,https://www.youtube.com/watch?v=HWoFjlt1VkA,https://i.ytimg.com/vi/HWoFjlt1VkA/maxresdefault.jpg,2026-01-07 09:47:33,HWoFjlt1VkA
31,Universe (ë‚˜ì˜ ìš°ì£¼),Kwon Jin-ah - Topic,52218,827,14,2026-01-04T09:01:43Z,https://www.youtube.com/watch?v=NWQB_yFwn7k,https://i.ytimg.com/vi/NWQB_yFwn7k/maxresdefault.jpg,2026-01-07 09:47:33,NWQB_yFwn7k
32,DG98 : ë‹¹ì‹ ì€ ì €ê²©ëŸ¬ê°€ ë§ìŠµë‹ˆë‹¤,ë°°ê·¸ ë°•í”„ë¡œ,138505,2129,1185,2026-01-05T23:00:35Z,https://www.youtube.com/watch?v=Lm4mVkcfHFQ,https://i.ytimg.com/vi/Lm4mVkcfHFQ/maxresdefault.jpg,2026-01-07 09:47:33,Lm4mVkcfHFQ
33,Pretty Boy Swag,idntt - Topic,12421,109,6,2026-01-05T09:00:18Z,https://www.youtube.com/watch?v=7CzOdhSMs4U,https://i.ytimg.com/vi/7CzOdhSMs4U/maxresdefault.jpg,2026-01-07 09:47:33,7CzOdhSMs4U
34,"ì „ í”„ë¡œê²Œì´ë¨¸ , í˜„ ë°©ì†¡ì¸ì´ë‘ ë¡¤í•˜ë‹¤ ëŒ€íŒ ì‹¸ì› ìŠµë‹ˆë‹¤...",ê°€ì¬ë§¨,197861,2654,732,2026-01-05T15:00:45Z,https://www.youtube.com/watch?v=BWnivBjeg1Q,https://i.ytimg.com/vi/BWnivBjeg1Q/maxresdefault.jpg,2026-01-07 09:47:33,BWnivBjeg1Q
35,Period (Prod. LEE MU JIN),Release - Topic,54204,990,0,2025-12-31T09:01:41Z,https://www.youtube.com/watch?v=mVpTcOyWwf0,https://i.ytimg.com/vi/mVpTcOyWwf0/maxresdefault.jpg,2026-01-07 09:47:33,mVpTcOyWwf0
36,ì´ì œ ë§ì„¤ì´ì§€ë§ˆì„¸ìš”. 'ì´ì‰¬íƒˆ ì „ìš© ì¦ê°•' ì‚¬ìš©ë²•,íŒ”ì°¨ì„  [8LJAYWALKING],114984,698,86,2026-01-06T09:01:28Z,https://www.youtube.com/watch?v=ww9l8zYs1Cg,https://i.ytimg.com/vi/ww9l8zYs1Cg/maxresdefault.jpg,2026-01-07 09:47:33,ww9l8zYs1Cg
37,Hi Bully,TOUCHED - Topic,64157,287,6,2025-12-10T18:59:17Z,https://www.youtube.com/watch?v=A-iHRvwkbs0,https://i.ytimg.com/vi/A-iHRvwkbs0/maxresdefault.jpg,2026-01-07 09:47:33,A-iHRvwkbs0
38,"í°ì¼ ë‚¬ìŠµë‹ˆë‹¤...ë¦¬ë·° 1400ê°œê°€ ê·¹ì°¬ì¸ ""ë¸”ë™í™€ í‚¤ìš°ê¸°"" ë°¤ìƒˆ í•˜ê³ ìˆìŒã… ã… ã… ",í˜œì•ˆ,405514,7923,807,2026-01-05T10:24:00Z,https://www.youtube.com/watch?v=7Lcz0wxGgI8,https://i.ytimg.com/vi/7Lcz0wxGgI8/maxresdefault.jpg,2026-01-07 09:47:33,7Lcz0wxGgI8
39,"[ì°¬ì†¡ê°€ ë§¤ì¼ 1ì‹œê°„ ì—°ì†ë“£ê¸°] ì˜¤ëŠ˜ ê¼­ ë“¤ì–´ì•¼ í•  ì°¬ì†¡ê°€ ì—°ì†ë“£ê¸°_ê´‘ê³ ì—†ëŠ”ì°¬ì†¡ê°€, ì°¬ì†¡ê°€ë² ìŠ¤íŠ¸, ì°¬ì†¡, ì°¬ì†¡ê°€ ì—°ì† ë“£ê¸°, ì€í˜œì°¬ì†¡, ì°¬ì†¡ê°€, ì°¬ì†¡ê°€ ì—°ì† ë“£ê¸° ê´‘ê³ ì—†ìŒ",abbapraise Christian Music ì•„ë°”í”„ë ˆì´ì¦ˆ í¬ë¦¬ìŠ¤ì²œ ë®¤ì§,10348,386,13,2026-01-05T21:00:50Z,https://www.youtube.com/watch?v=fNz0Cj4h2kc,https://i.ytimg.com/vi/fNz0Cj4h2kc/maxresdefault.jpg,2026-01-07 09:47:33,fNz0Cj4h2kc
40,ì´ë²ˆì—” 86ë²ˆ ì¡ê¸° ë¯¸ì…˜ì¸ë° í‹°ë°ì„ã…‹ã…‹ã…‹ã…‹,ì£¼í‚¤ë‹ˆTV,89351,1335,91,2026-01-06T10:30:32Z,https://www.youtube.com/watch?v=ZG1Vaq7eerc,https://i.ytimg.com/vi/ZG1Vaq7eerc/maxresdefault.jpg,2026-01-07 09:47:33,ZG1Vaq7eerc
41,TSUYU,Siip - Topic,440503,17382,700,2025-12-24T15:04:37Z,https://www.youtube.com/watch?v=6MiiX6PpRus,https://i.ytimg.com/vi/6MiiX6PpRus/maxresdefault.jpg,2026-01-07 09:47:33,6MiiX6PpRus
42,ì´ë ‡ê²Œ ì˜ ìˆ¨ëŠ” ê´´ë¬¼ì€ ì‚´ë©´ì„œ ì²˜ìŒ ë´…ë‹ˆë‹¤ (ê³µí¬ê²Œì„/Skull Hotel),ìˆ˜íƒ‰,190912,4407,485,2026-01-05T12:52:01Z,https://www.youtube.com/watch?v=ce2HTLWaObg,https://i.ytimg.com/vi/ce2HTLWaObg/maxresdefault.jpg,2026-01-07 09:47:33,ce2HTLWaObg
43,ì„œë¡œ ì‚¬ë‘í•˜ëŠ” ë§ˆìŒ,ì°°ë¦¬ë¹ˆì›ìŠ¤ - Topic,41035,610,0,2026-01-03T03:04:24Z,https://www.youtube.com/watch?v=uomVNxmkylg,https://i.ytimg.com/vi/uomVNxmkylg/maxresdefault.jpg,2026-01-07 09:47:33,uomVNxmkylg
44,ã€í´ìƒë„ vs ë„›ì €ë°§ ì €í‹°ì–´ ëŒ€ì „ã€‘ë¬¸íŒŒì˜ ëª…ì˜ˆë¥¼ ê±¸ê³  ë°˜ë“œì‹œ ì´ê¸°ê² ìŠµë‹ˆë‹¤!,ì´ìƒí˜¸,300023,2002,261,2026-01-04T16:15:44Z,https://www.youtube.com/watch?v=VEEL_n0NQdI,https://i.ytimg.com/vi/VEEL_n0NQdI/maxresdefault.jpg,2026-01-07 09:47:33,VEEL_n0NQdI
45,7080 ë…¸ë˜ëª¨ìŒ | 50ëŒ€ì´ìƒì´ ë“¤ìœ¼ë©´ ì •ë§ ì¢‹ì•„í•  ë…¸ë˜ ì¶”ì²œê³¡ | 7080ë…¸ë˜ëª¨ìŒ ì£¼ì˜¥ê°™ì€ë…¸ë˜ | ì•„ë“íˆ ë¨¼ ê³³ - êµ¬ì°½ëª¨\ì´ì¬ì„± - ê·¸ì§‘ì•\ì–´ëŠ 60ëŒ€ ë…¸ë¶€ë¶€ ì´ì•¼ê¸°,KR - Playlits Hits 7080,5438,49,2,2026-01-05T21:00:06Z,https://www.youtube.com/watch?v=KLwUTmHEFu4,https://i.ytimg.com/vi/KLwUTmHEFu4/maxresdefault.jpg,2026-01-07 09:47:33,KLwUTmHEFu4
46,ì¤‘ì„¸ ìì˜ì—…ìì˜ ì‚¶,ê´´ë¬¼ì¥ ìœ íŠœë¸Œ,306440,2086,315,2026-01-05T13:30:29Z,https://www.youtube.com/watch?v=So1IvzfjgQ0,https://i.ytimg.com/vi/So1IvzfjgQ0/hqdefault.jpg,2026-01-07 09:47:33,So1IvzfjgQ0
47,Wonderful Night,N.Flying - Topic,48107,396,19,2025-12-31T15:02:08Z,https://www.youtube.com/watch?v=sqd1tVEnL9g,https://i.ytimg.com/vi/sqd1tVEnL9g/maxresdefault.jpg,2026-01-07 09:47:33,sqd1tVEnL9g
48,"í´ìƒë„ vs ë„›ì €ë°§, ë“œë””ì–´ ì´ ë‚ ì´ ì™”ìŠµë‹ˆë‹¤ | í´ìƒë„ ê¸´ê¸‰í•©ìˆ™í›ˆë ¨ EP.3",í´ë¦¬ë“œ,161044,1323,364,2026-01-05T07:27:28Z,https://www.youtube.com/watch?v=v0z-U6WfoNE,https://i.ytimg.com/vi/v0z-U6WfoNE/maxresdefault.jpg,2026-01-07 09:47:33,v0z-U6WfoNE
49,SAY MY NAME,SAY MY NAME - Topic,65907,1272,117,2025-12-29T09:02:57Z,https://www.youtube.com/watch?v=CoRjGBNPCgA,https://i.ytimg.com/vi/CoRjGBNPCgA/maxresdefault.jpg,2026-01-07 09:47:33,CoRjGBNPCgA
50,í˜„ì§ˆí•˜ë‹¤ ê±°ë˜ ê±°ì ˆ ë‹¹í•œ ì´ˆí‘ìš° í­ê·„ã…‹ã…‹ã…‹ã…‹,ìˆ˜í”¼,62827,714,63,2026-01-06T12:18:56Z,https://www.youtube.com/watch?v=bkWxVI8lH6o,https://i.ytimg.com/vi/bkWxVI8lH6o/maxresdefault.jpg,2026-01-07 09:47:33,bkWxVI8lH6o
1,Not Like a Movie,H1-KEY - Topic,125290,1725,47,2026-01-05T09:03:22Z,https://www.youtube.com/watch?v=_UiZ-Uuw1ro,https://i.ytimg.com/vi/_UiZ-Uuw1ro/maxresdefault.jpg,2026-01-07 10:51:39,_UiZ-Uuw1ro
2,[ì–´ë²¤ì ¸ìŠ¤: ë‘ ìŠ¤ë°ì´] 'ì—‘ìŠ¤ë§¨' ì˜ˆê³ í¸ ìµœì´ˆ ê³µê°œ,MarvelKorea,272904,5386,873,2026-01-06T14:33:00Z,https://www.youtube.com/watch?v=acUIyAfieHE,https://i.ytimg.com/vi/acUIyAfieHE/maxresdefault.jpg,2026-01-07 10:51:39,acUIyAfieHE
3,[ë°ë§ˆì‹œì•„ë¥¼ ìœ„í•˜ì—¬] 2026 ì‹œì¦Œ ì˜¤í”„ë‹ ì¸í„°ë·° | MIDí¸,LCK,429674,0,894,2026-01-06T08:15:41Z,https://www.youtube.com/watch?v=AoU1zNfv9HU,https://i.ytimg.com/vi/AoU1zNfv9HU/maxresdefault.jpg,2026-01-07 10:51:39,AoU1zNfv9HU
4,Love Me More,Apink - Topic,187486,3695,115,2026-01-05T09:01:39Z,https://www.youtube.com/watch?v=BnqvaC65vvM,https://i.ytimg.com/vi/BnqvaC65vvM/maxresdefault.jpg,2026-01-07 10:51:39,BnqvaC65vvM
5,ì´ì•¼.. ì§„ì§œ ë¯¸ì³¤ë‹¤ ë¯¸ì³¤ì–´.. â‰ªì–´ë²¤ì ¸ìŠ¤: ë‘ ìŠ¤ë°ì´â‰« 3ì°¨ ì—‘ìŠ¤ë§¨ í‹°ì € ì˜ˆê³ í¸ ë–¡ë°¥ ì´ì •ë¦¬,ë¬´ë¹„ëµí¬_Movie Think,179908,3430,510,2026-01-06T15:23:19Z,https://www.youtube.com/watch?v=v_LcASFYFiE,https://i.ytimg.com/vi/v_LcASFYFiE/maxresdefault.jpg,2026-01-07 10:51:39,v_LcASFYFiE
6,[LIVE] ì•„ì´ì˜¨2 ì‹ ë…„ ë¼ì´ë¸Œ ë°©ì†¡,AION2,195975,3189,367,2026-01-06T13:18:17Z,https://www.youtube.com/watch?v=5jFZSI6dABo,https://i.ytimg.com/vi/5jFZSI6dABo/maxresdefault.jpg,2026-01-07 10:51:39,5jFZSI6dABo
7,Punk Rocky,A$AP Rocky - Topic,426835,16440,681,2026-01-05T20:00:43Z,https://www.youtube.com/watch?v=hVWyWH-caAE,https://i.ytimg.com/vi/hVWyWH-caAE/maxresdefault.jpg,2026-01-07 10:51:39,hVWyWH-caAE
8,[êµ°ì²´] 30ì´ˆ ì˜ˆê³ í¸,ì‡¼ë°•ìŠ¤ SHOWBOX,179710,1542,438,2026-01-05T22:30:05Z,https://www.youtube.com/watch?v=MWveUG9bZig,https://i.ytimg.com/vi/MWveUG9bZig/maxresdefault.jpg,2026-01-07 10:51:39,MWveUG9bZig
9,ëŒ€ìƒí˜„,ìŠ¹ìƒì‹±,491174,10362,854,2026-01-05T19:01:20Z,https://www.youtube.com/watch?v=gfP62pnjig0,https://i.ytimg.com/vi/gfP62pnjig0/maxresdefault.jpg,2026-01-07 10:51:39,gfP62pnjig0
10,Kotonoha,tuki. - Topic,56016,1498,31,2026-01-05T10:01:43Z,https://www.youtube.com/watch?v=yvWGrak_vvU,https://i.ytimg.com/vi/yvWGrak_vvU/maxresdefault.jpg,2026-01-07 10:51:39,yvWGrak_vvU
11,ì´ ì‚¬ë‘ í†µì—­ ë˜ë‚˜ìš”? | ê³µì‹ ì˜ˆê³ í¸ | ë„·í”Œë¦­ìŠ¤,Netflix Korea ë„·í”Œë¦­ìŠ¤ ì½”ë¦¬ì•„,397507,7781,779,2026-01-05T00:00:00Z,https://www.youtube.com/watch?v=IIHQ1Z2yu80,https://i.ytimg.com/vi/IIHQ1Z2yu80/maxresdefault.jpg,2026-01-07 10:51:39,IIHQ1Z2yu80
12,ê·¸ë¦¼ì êµ°ì£¼ë‹˜ì„ ëµ™ìŠµë‹ˆë‹¤,ì¡ìƒì‹±,222747,1837,66,2026-01-06T11:01:37Z,https://www.youtube.com/watch?v=p6sR9rPAcho,https://i.ytimg.com/vi/p6sR9rPAcho/maxresdefault.jpg,2026-01-07 10:51:39,p6sR9rPAcho
13,When it turns white,entoy - Topic,110288,1843,37,2025-12-18T09:02:49Z,https://www.youtube.com/watch?v=Nhs9NKQ0-8E,https://i.ytimg.com/vi/Nhs9NKQ0-8E/maxresdefault.jpg,2026-01-07 10:51:39,Nhs9NKQ0-8E
14,"ì™€.. ì—°ìƒí˜¸ ã€Šêµ°ì²´ã€‹ ì²« ì˜ˆê³ í¸ ë–´ë‹¤..ğŸ”¥ ""ë¶€ì‚°í–‰""ì„ ì‡ëŠ” í•œêµ­ ì¢€ë¹„ì˜í™” & ì¡´ì¬ê° ë¯¸ì¹œ ë¹ŒëŸ° ""êµ¬êµí™˜""ê¹Œì§€ã„·ã„· (+2026 í•œêµ­ì¢€ë¹„ ì‘í’ˆ ì´ì •ë¦¬)",ë§¤ë“œë¬´ë¹„ : MadMovie,89724,771,184,2026-01-06T08:15:18Z,https://www.youtube.com/watch?v=oPmy99lZr6c,https://i.ytimg.com/vi/oPmy99lZr6c/maxresdefault.jpg,2026-01-07 10:51:39,oPmy99lZr6c
15,"ìœ„ê¸°ì˜ ë„›ì €ë°§, êµ¬ì›íˆ¬ìˆ˜ ì‚¬ë¶€ë‹˜ ì¶œê²©!ã€ë„›ì €ë°§ í•©ìˆ™ EP.05ã€‘",ì €ë¼ëƒ JUSTLIKETHAT,189747,1231,209,2026-01-06T03:01:10Z,https://www.youtube.com/watch?v=tSIKGJRl1Gk,https://i.ytimg.com/vi/tSIKGJRl1Gk/maxresdefault.jpg,2026-01-07 10:51:39,tSIKGJRl1Gk
16,Every Moment Of You (Piano Ver.),Sung Si-kyung - Topic,53489,151,5,2025-12-31T15:03:36Z,https://www.youtube.com/watch?v=Ps2UeoRG-U8,https://i.ytimg.com/vi/Ps2UeoRG-U8/maxresdefault.jpg,2026-01-07 10:51:39,Ps2UeoRG-U8
17,"[15íšŒ ì˜ˆê³ ] â€œëŒ€ìœ„, ê¹€ë„ê¸°â€ ì´ì œí›ˆì„ ì°¾ì•„ì˜¨ ì˜ë¬¸ì˜ êµ°ì¸ğŸ«¡ ê·¸ë¦¬ê³  ë²„ë ¤ì§„ ëª¨ë²”íƒì‹œë¥¼ ë°œê²¬í•œ í‘œì˜ˆì§„?! | ëª¨ë²”íƒì‹œ3 | SBS",SBS ,46237,454,71,2026-01-03T14:15:06Z,https://www.youtube.com/watch?v=uAt34ypXTvw,https://i.ytimg.com/vi/uAt34ypXTvw/maxresdefault.jpg,2026-01-07 10:51:39,uAt34ypXTvw
18,ë¬´ì§€ì„± ì˜¬ì¸ ê±°ì¸,PAKA,192159,1604,198,2026-01-06T08:30:15Z,https://www.youtube.com/watch?v=urDIai6diM0,https://i.ytimg.com/vi/urDIai6diM0/maxresdefault.jpg,2026-01-07 10:51:39,urDIai6diM0
19,Dream (Veiled Musician X Paul Kim with Gamil-dong Cotton Candy) (Dream (ë² ì¼ë“œë®¤ì§€ì…˜ X...,Paul Kim - Topic,15044,370,5,2026-01-06T09:03:04Z,https://www.youtube.com/watch?v=UwUNEgb-0xU,https://i.ytimg.com/vi/UwUNEgb-0xU/maxresdefault.jpg,2026-01-07 10:51:39,UwUNEgb-0xU
20,ê²Œì„ ì‹œì‘ 20ë¶„ì´ ë„˜ì—ˆëŠ”ë° ì¸êµ¬ìˆ˜ê°€ 4â€¦ ì˜¤ë²„ë¡œë“œë§Œ ë¯¸ì¹œ ë“¯ì´ ì¡ìœ¼ë©´ ë²Œì–´ì§€ëŠ” ì¼ã…‹ã…‹,[ALTUBE] ê¹€ì„±í˜„TV,108252,1201,173,2026-01-06T09:30:40Z,https://www.youtube.com/watch?v=oUBziTCoMj8,https://i.ytimg.com/vi/oUBziTCoMj8/maxresdefault.jpg,2026-01-07 10:51:39,oUBziTCoMj8
21,I Believe Change Street Version,TAEHYUN - Topic,56779,834,0,2026-01-03T03:04:03Z,https://www.youtube.com/watch?v=FDjb834LcWw,https://i.ytimg.com/vi/FDjb834LcWw/maxresdefault.jpg,2026-01-07 10:51:39,FDjb834LcWw
22,NEW ìŠ¹ê°ê³¼ í•¨ê»˜í•˜ëŠ” ê¸°ì°¨ ë§ˆí”¼ì•„ *ì†Œë¦„ì£¼ì˜*,ì ëœ° TV,163329,10007,839,2026-01-06T07:56:00Z,https://www.youtube.com/watch?v=6uqJdMfsQ0g,https://i.ytimg.com/vi/6uqJdMfsQ0g/maxresdefault.jpg,2026-01-07 10:51:39,6uqJdMfsQ0g
23,I Love You,AKMU - Topic,74218,168,10,2025-12-31T15:02:04Z,https://www.youtube.com/watch?v=s4PO3Wgftu8,https://i.ytimg.com/vi/s4PO3Wgftu8/maxresdefault.jpg,2026-01-07 10:51:39,s4PO3Wgftu8
24,ì‚¬ëŒ ì‚´ë¦¬ëŸ¬ ì™”ìŠµë‹ˆë‹¤,ë„ë¡œ,494908,4198,857,2026-01-05T09:12:05Z,https://www.youtube.com/watch?v=w637lPH_b8M,https://i.ytimg.com/vi/w637lPH_b8M/maxresdefault.jpg,2026-01-07 10:51:39,w637lPH_b8M
25,Kim Cheolsu Story,Heo Hoy Kyung - Topic,48300,263,4,2025-12-20T02:04:42Z,https://www.youtube.com/watch?v=-obnQICeRCw,https://i.ytimg.com/vi/-obnQICeRCw/maxresdefault.jpg,2026-01-07 10:51:39,-obnQICeRCw
26,ì—¬ì ë³´ëŠ” ëˆˆì€ ë¸”íŠœë¸Œ,ê°• ì§€,233365,7907,836,2026-01-06T07:00:49Z,https://www.youtube.com/watch?v=nEmJONUZBaY,https://i.ytimg.com/vi/nEmJONUZBaY/maxresdefault.jpg,2026-01-07 10:51:39,nEmJONUZBaY
27,ì„ì¬ë²”(Yim jaebeum) - Life is a Drama_MV,ì„ì¬ë²” ê³µì‹ì±„ë„ Yimjaebeum Official,23059,1455,208,2026-01-06T09:00:53Z,https://www.youtube.com/watch?v=YDr_9JI6zQ4,https://i.ytimg.com/vi/YDr_9JI6zQ4/maxresdefault.jpg,2026-01-07 10:51:39,YDr_9JI6zQ4
28,í”„ë¦¬ì¦˜ í‹°ì¼“ ìš”ë“¤ì€ ì‹ ì´ë‹¤ ã…‹ã…‹ã…‹ã…‹ã…‹,ì „ì“°íŠ¸ì˜ ê²Œì„ ì±„ë„ Junsst,102510,543,52,2026-01-06T12:15:03Z,https://www.youtube.com/watch?v=HWoFjlt1VkA,https://i.ytimg.com/vi/HWoFjlt1VkA/maxresdefault.jpg,2026-01-07 10:51:39,HWoFjlt1VkA
29,"[ìµœì‹ ê°€ìš”ì—°ì†ë“£ê¸° 2026] KPOP ë…¸ë™ìš” ğŸ’š 2026ë…„ 1ì›” 5ì¼ 2ì£¼ì°¨, ë©œë¡ ì°¨íŠ¸ X, ë…¸ë˜ëª¨ìŒ í”Œë ˆì´ë¦¬ìŠ¤íŠ¸ ë©œë¡  ì¢…í•©ì°¨íŠ¸",Yeo Doll,27093,263,13,2026-01-04T23:00:22Z,https://www.youtube.com/watch?v=K55yGagNeas,https://i.ytimg.com/vi/K55yGagNeas/maxresdefault.jpg,2026-01-07 10:51:39,K55yGagNeas
30,ì—¬ì„¯ ê°œì˜ ë³„ì„ ìƒˆê¸°ë©°ï½œ2025 Worlds Behind,T1,721804,19127,2166,2026-01-04T14:00:07Z,https://www.youtube.com/watch?v=or7Xc8tZg-g,https://i.ytimg.com/vi/or7Xc8tZg-g/maxresdefault.jpg,2026-01-07 10:51:39,or7Xc8tZg-g
31,Pretty Boy Swag,idntt - Topic,12882,111,6,2026-01-05T09:00:18Z,https://www.youtube.com/watch?v=7CzOdhSMs4U,https://i.ytimg.com/vi/7CzOdhSMs4U/maxresdefault.jpg,2026-01-07 10:51:39,7CzOdhSMs4U
32,DG98 : ë‹¹ì‹ ì€ ì €ê²©ëŸ¬ê°€ ë§ìŠµë‹ˆë‹¤,ë°°ê·¸ ë°•í”„ë¡œ,139875,2146,1186,2026-01-05T23:00:35Z,https://www.youtube.com/watch?v=Lm4mVkcfHFQ,https://i.ytimg.com/vi/Lm4mVkcfHFQ/maxresdefault.jpg,2026-01-07 10:51:39,Lm4mVkcfHFQ
33,Universe (ë‚˜ì˜ ìš°ì£¼),Kwon Jin-ah - Topic,53409,832,14,2026-01-04T09:01:43Z,https://www.youtube.com/watch?v=NWQB_yFwn7k,https://i.ytimg.com/vi/NWQB_yFwn7k/maxresdefault.jpg,2026-01-07 10:51:39,NWQB_yFwn7k
34,ì´ì œ ë§ì„¤ì´ì§€ë§ˆì„¸ìš”. 'ì´ì‰¬íƒˆ ì „ìš© ì¦ê°•' ì‚¬ìš©ë²•,íŒ”ì°¨ì„  [8LJAYWALKING],117258,714,87,2026-01-06T09:01:28Z,https://www.youtube.com/watch?v=ww9l8zYs1Cg,https://i.ytimg.com/vi/ww9l8zYs1Cg/maxresdefault.jpg,2026-01-07 10:51:39,ww9l8zYs1Cg
35,Period (Prod. LEE MU JIN),Release - Topic,55311,997,0,2025-12-31T09:01:41Z,https://www.youtube.com/watch?v=mVpTcOyWwf0,https://i.ytimg.com/vi/mVpTcOyWwf0/maxresdefault.jpg,2026-01-07 10:51:39,mVpTcOyWwf0
36,"ì „ í”„ë¡œê²Œì´ë¨¸ , í˜„ ë°©ì†¡ì¸ì´ë‘ ë¡¤í•˜ë‹¤ ëŒ€íŒ ì‹¸ì› ìŠµë‹ˆë‹¤...",ê°€ì¬ë§¨,198604,2663,732,2026-01-05T15:00:45Z,https://www.youtube.com/watch?v=BWnivBjeg1Q,https://i.ytimg.com/vi/BWnivBjeg1Q/maxresdefault.jpg,2026-01-07 10:51:39,BWnivBjeg1Q
37,"[ì°¬ì†¡ê°€ ë§¤ì¼ 1ì‹œê°„ ì—°ì†ë“£ê¸°] ì˜¤ëŠ˜ ê¼­ ë“¤ì–´ì•¼ í•  ì°¬ì†¡ê°€ ì—°ì†ë“£ê¸°_ê´‘ê³ ì—†ëŠ”ì°¬ì†¡ê°€, ì°¬ì†¡ê°€ë² ìŠ¤íŠ¸, ì°¬ì†¡, ì°¬ì†¡ê°€ ì—°ì† ë“£ê¸°, ì€í˜œì°¬ì†¡, ì°¬ì†¡ê°€, ì°¬ì†¡ê°€ ì—°ì† ë“£ê¸° ê´‘ê³ ì—†ìŒ",abbapraise Christian Music ì•„ë°”í”„ë ˆì´ì¦ˆ í¬ë¦¬ìŠ¤ì²œ ë®¤ì§,10789,393,13,2026-01-05T21:00:50Z,https://www.youtube.com/watch?v=fNz0Cj4h2kc,https://i.ytimg.com/vi/fNz0Cj4h2kc/maxresdefault.jpg,2026-01-07 10:51:39,fNz0Cj4h2kc
38,"í°ì¼ ë‚¬ìŠµë‹ˆë‹¤...ë¦¬ë·° 1400ê°œê°€ ê·¹ì°¬ì¸ ""ë¸”ë™í™€ í‚¤ìš°ê¸°"" ë°¤ìƒˆ í•˜ê³ ìˆìŒã… ã… ã… ",í˜œì•ˆ,407967,7961,811,2026-01-05T10:24:00Z,https://www.youtube.com/watch?v=7Lcz0wxGgI8,https://i.ytimg.com/vi/7Lcz0wxGgI8/maxresdefault.jpg,2026-01-07 10:51:39,7Lcz0wxGgI8
39,TSUYU,Siip - Topic,442244,17387,700,2025-12-24T15:04:37Z,https://www.youtube.com/watch?v=6MiiX6PpRus,https://i.ytimg.com/vi/6MiiX6PpRus/maxresdefault.jpg,2026-01-07 10:51:39,6MiiX6PpRus
40,ì´ë²ˆì—” 86ë²ˆ ì¡ê¸° ë¯¸ì…˜ì¸ë° í‹°ë°ì„ã…‹ã…‹ã…‹ã…‹,ì£¼í‚¤ë‹ˆTV,92418,1386,91,2026-01-06T10:30:32Z,https://www.youtube.com/watch?v=ZG1Vaq7eerc,https://i.ytimg.com/vi/ZG1Vaq7eerc/maxresdefault.jpg,2026-01-07 10:51:39,ZG1Vaq7eerc
41,Hi Bully,TOUCHED - Topic,64961,291,6,2025-12-10T18:59:17Z,https://www.youtube.com/watch?v=A-iHRvwkbs0,https://i.ytimg.com/vi/A-iHRvwkbs0/maxresdefault.jpg,2026-01-07 10:51:39,A-iHRvwkbs0
42,ì´ë ‡ê²Œ ì˜ ìˆ¨ëŠ” ê´´ë¬¼ì€ ì‚´ë©´ì„œ ì²˜ìŒ ë´…ë‹ˆë‹¤ (ê³µí¬ê²Œì„/Skull Hotel),ìˆ˜íƒ‰,192416,4434,485,2026-01-05T12:52:01Z,https://www.youtube.com/watch?v=ce2HTLWaObg,https://i.ytimg.com/vi/ce2HTLWaObg/maxresdefault.jpg,2026-01-07 10:51:39,ce2HTLWaObg
43,7080 ë…¸ë˜ëª¨ìŒ | 50ëŒ€ì´ìƒì´ ë“¤ìœ¼ë©´ ì •ë§ ì¢‹ì•„í•  ë…¸ë˜ ì¶”ì²œê³¡ | 7080ë…¸ë˜ëª¨ìŒ ì£¼ì˜¥ê°™ì€ë…¸ë˜ | ì•„ë“íˆ ë¨¼ ê³³ - êµ¬ì°½ëª¨\ì´ì¬ì„± - ê·¸ì§‘ì•\ì–´ëŠ 60ëŒ€ ë…¸ë¶€ë¶€ ì´ì•¼ê¸°,KR - Playlits Hits 7080,5703,53,2,2026-01-05T21:00:06Z,https://www.youtube.com/watch?v=KLwUTmHEFu4,https://i.ytimg.com/vi/KLwUTmHEFu4/maxresdefault.jpg,2026-01-07 10:51:39,KLwUTmHEFu4
44,ã€í´ìƒë„ vs ë„›ì €ë°§ ì €í‹°ì–´ ëŒ€ì „ã€‘ë¬¸íŒŒì˜ ëª…ì˜ˆë¥¼ ê±¸ê³  ë°˜ë“œì‹œ ì´ê¸°ê² ìŠµë‹ˆë‹¤!,ì´ìƒí˜¸,300459,2004,261,2026-01-04T16:15:44Z,https://www.youtube.com/watch?v=VEEL_n0NQdI,https://i.ytimg.com/vi/VEEL_n0NQdI/maxresdefault.jpg,2026-01-07 10:51:39,VEEL_n0NQdI
45,ì„œë¡œ ì‚¬ë‘í•˜ëŠ” ë§ˆìŒ,ì°°ë¦¬ë¹ˆì›ìŠ¤ - Topic,41664,616,0,2026-01-03T03:04:24Z,https://www.youtube.com/watch?v=uomVNxmkylg,https://i.ytimg.com/vi/uomVNxmkylg/maxresdefault.jpg,2026-01-07 10:51:39,uomVNxmkylg
46,ì¤‘ì„¸ ìì˜ì—…ìì˜ ì‚¶,ê´´ë¬¼ì¥ ìœ íŠœë¸Œ,307755,2090,315,2026-01-05T13:30:29Z,https://www.youtube.com/watch?v=So1IvzfjgQ0,https://i.ytimg.com/vi/So1IvzfjgQ0/hqdefault.jpg,2026-01-07 10:51:39,So1IvzfjgQ0
47,1ì›”ì´ ë˜ë©´ ê¼­ ë“¤ì–´ì•¼ í•˜ëŠ” 7080 ë…¸ë˜ ë² ìŠ¤íŠ¸ ğŸ“» 50ëŒ€ 60ëŒ€ ë§ˆìŒì„ ìš¸ë¦¬ëŠ” ì¶”ì–µì˜ ë…¸ë˜ - ê·¸ì§‘ì•/ë°”ëŒë°”ëŒë°”ëŒ/ìŠí˜€ì§„ ì‚¬ë‘/ì•„ë“íˆë¨¼ê³³/ì–´ëŠ 60ëŒ€ ë…¸ë¶€ë¶€ ì´ì•¼ê¸°,Retro Radio 7080,6020,120,5,2026-01-05T22:01:03Z,https://www.youtube.com/watch?v=tQVAny6In-s,https://i.ytimg.com/vi/tQVAny6In-s/maxresdefault.jpg,2026-01-07 10:51:39,tQVAny6In-s
48,í˜„ì§ˆí•˜ë‹¤ ê±°ë˜ ê±°ì ˆ ë‹¹í•œ ì´ˆí‘ìš° í­ê·„ã…‹ã…‹ã…‹ã…‹,ìˆ˜í”¼,66121,756,63,2026-01-06T12:18:56Z,https://www.youtube.com/watch?v=bkWxVI8lH6o,https://i.ytimg.com/vi/bkWxVI8lH6o/maxresdefault.jpg,2026-01-07 10:51:39,bkWxVI8lH6o
49,SAY MY NAME,SAY MY NAME - Topic,66840,1277,117,2025-12-29T09:02:57Z,https://www.youtube.com/watch?v=CoRjGBNPCgA,https://i.ytimg.com/vi/CoRjGBNPCgA/maxresdefault.jpg,2026-01-07 10:51:39,CoRjGBNPCgA
50,"í´ìƒë„ vs ë„›ì €ë°§, ë“œë””ì–´ ì´ ë‚ ì´ ì™”ìŠµë‹ˆë‹¤ | í´ìƒë„ ê¸´ê¸‰í•©ìˆ™í›ˆë ¨ EP.3",í´ë¦¬ë“œ,161640,1332,365,2026-01-05T07:27:28Z,https://www.youtube.com/watch?v=v0z-U6WfoNE,https://i.ytimg.com/vi/v0z-U6WfoNE/maxresdefault.jpg,2026-01-07 10:51:39,v0z-U6WfoNE
1,Not Like a Movie,H1-KEY - Topic,141674,1869,48,2026-01-05T09:03:22Z,https://www.youtube.com/watch?v=_UiZ-Uuw1ro,https://i.ytimg.com/vi/_UiZ-Uuw1ro/maxresdefault.jpg,2026-01-07 15:38:38,_UiZ-Uuw1ro
2,[ì–´ë²¤ì ¸ìŠ¤: ë‘ ìŠ¤ë°ì´] 'ì—‘ìŠ¤ë§¨' ì˜ˆê³ í¸ ìµœì´ˆ ê³µê°œ,MarvelKorea,387500,6436,1062,2026-01-06T14:33:00Z,https://www.youtube.com/watch?v=acUIyAfieHE,https://i.ytimg.com/vi/acUIyAfieHE/maxresdefault.jpg,2026-01-07 15:38:38,acUIyAfieHE
3,[ë°ë§ˆì‹œì•„ë¥¼ ìœ„í•˜ì—¬] 2026 ì‹œì¦Œ ì˜¤í”„ë‹ ì¸í„°ë·° | MIDí¸,LCK,459458,0,916,2026-01-06T08:15:41Z,https://www.youtube.com/watch?v=AoU1zNfv9HU,https://i.ytimg.com/vi/AoU1zNfv9HU/maxresdefault.jpg,2026-01-07 15:38:38,AoU1zNfv9HU
4,Love Me More,Apink - Topic,208174,3921,119,2026-01-05T09:01:39Z,https://www.youtube.com/watch?v=BnqvaC65vvM,https://i.ytimg.com/vi/BnqvaC65vvM/maxresdefault.jpg,2026-01-07 15:38:38,BnqvaC65vvM
5,ì´ì•¼.. ì§„ì§œ ë¯¸ì³¤ë‹¤ ë¯¸ì³¤ì–´.. â‰ªì–´ë²¤ì ¸ìŠ¤: ë‘ ìŠ¤ë°ì´â‰« 3ì°¨ ì—‘ìŠ¤ë§¨ í‹°ì € ì˜ˆê³ í¸ ë–¡ë°¥ ì´ì •ë¦¬,ë¬´ë¹„ëµí¬_Movie Think,253237,4246,601,2026-01-06T15:23:19Z,https://www.youtube.com/watch?v=v_LcASFYFiE,https://i.ytimg.com/vi/v_LcASFYFiE/maxresdefault.jpg,2026-01-07 15:38:38,v_LcASFYFiE
6,[LIVE] ì•„ì´ì˜¨2 ì‹ ë…„ ë¼ì´ë¸Œ ë°©ì†¡,AION2,199436,3210,393,2026-01-06T13:18:17Z,https://www.youtube.com/watch?v=5jFZSI6dABo,https://i.ytimg.com/vi/5jFZSI6dABo/maxresdefault.jpg,2026-01-07 15:38:38,5jFZSI6dABo
7,Punk Rocky,A$AP Rocky - Topic,468437,17530,695,2026-01-05T20:00:43Z,https://www.youtube.com/watch?v=hVWyWH-caAE,https://i.ytimg.com/vi/hVWyWH-caAE/maxresdefault.jpg,2026-01-07 15:38:38,hVWyWH-caAE
8,[êµ°ì²´] 30ì´ˆ ì˜ˆê³ í¸,ì‡¼ë°•ìŠ¤ SHOWBOX,195709,1660,479,2026-01-05T22:30:05Z,https://www.youtube.com/watch?v=MWveUG9bZig,https://i.ytimg.com/vi/MWveUG9bZig/maxresdefault.jpg,2026-01-07 15:38:38,MWveUG9bZig
9,ë“œë””ì–´ ê²°ì „ì˜ ë‚ ..! ë¬¸íŒŒëŒ€ê²° ì²« ê²½ê¸°ë¶€í„° í”¼ë„›VSí´ë¦¬ë“œã„·ã„·ã€ë„›ì €ë°§í•©ìˆ™ EP.06ã€‘,ì €ë¼ëƒ JUSTLIKETHAT,182940,1374,306,2026-01-06T16:25:25Z,https://www.youtube.com/watch?v=JezzJzktvwc,https://i.ytimg.com/vi/JezzJzktvwc/maxresdefault.jpg,2026-01-07 15:38:38,JezzJzktvwc
10,Kotonoha,tuki. - Topic,63858,1603,31,2026-01-05T10:01:43Z,https://www.youtube.com/watch?v=yvWGrak_vvU,https://i.ytimg.com/vi/yvWGrak_vvU/maxresdefault.jpg,2026-01-07 15:38:38,yvWGrak_vvU
11,ì´ ì‚¬ë‘ í†µì—­ ë˜ë‚˜ìš”? | ê³µì‹ ì˜ˆê³ í¸ | ë„·í”Œë¦­ìŠ¤,Netflix Korea ë„·í”Œë¦­ìŠ¤ ì½”ë¦¬ì•„,406071,7874,797,2026-01-05T00:00:00Z,https://www.youtube.com/watch?v=IIHQ1Z2yu80,https://i.ytimg.com/vi/IIHQ1Z2yu80/maxresdefault.jpg,2026-01-07 15:38:38,IIHQ1Z2yu80
12,ëŒ€ìƒí˜„,ìŠ¹ìƒì‹±,503340,10543,862,2026-01-05T19:01:20Z,https://www.youtube.com/watch?v=gfP62pnjig0,https://i.ytimg.com/vi/gfP62pnjig0/maxresdefault.jpg,2026-01-07 15:38:38,gfP62pnjig0
13,When it turns white,entoy - Topic,115674,1861,37,2025-12-18T09:02:49Z,https://www.youtube.com/watch?v=Nhs9NKQ0-8E,https://i.ytimg.com/vi/Nhs9NKQ0-8E/maxresdefault.jpg,2026-01-07 15:38:38,Nhs9NKQ0-8E
14,"ì™€.. ì—°ìƒí˜¸ ã€Šêµ°ì²´ã€‹ ì²« ì˜ˆê³ í¸ ë–´ë‹¤..ğŸ”¥ ""ë¶€ì‚°í–‰""ì„ ì‡ëŠ” í•œêµ­ ì¢€ë¹„ì˜í™” & ì¡´ì¬ê° ë¯¸ì¹œ ë¹ŒëŸ° ""êµ¬êµí™˜""ê¹Œì§€ã„·ã„· (+2026 í•œêµ­ì¢€ë¹„ ì‘í’ˆ ì´ì •ë¦¬)",ë§¤ë“œë¬´ë¹„ : MadMovie,106635,884,214,2026-01-06T08:15:18Z,https://www.youtube.com/watch?v=oPmy99lZr6c,https://i.ytimg.com/vi/oPmy99lZr6c/maxresdefault.jpg,2026-01-07 15:38:38,oPmy99lZr6c
15,ê·¸ë¦¼ì êµ°ì£¼ë‹˜ì„ ëµ™ìŠµë‹ˆë‹¤,ì¡ìƒì‹±,260099,2068,73,2026-01-06T11:01:37Z,https://www.youtube.com/watch?v=p6sR9rPAcho,https://i.ytimg.com/vi/p6sR9rPAcho/maxresdefault.jpg,2026-01-07 15:38:38,p6sR9rPAcho
16,Dream (Veiled Musician X Paul Kim with Gamil-dong Cotton Candy) (Dream (ë² ì¼ë“œë®¤ì§€ì…˜ X...,Paul Kim - Topic,19120,411,6,2026-01-06T09:03:04Z,https://www.youtube.com/watch?v=UwUNEgb-0xU,https://i.ytimg.com/vi/UwUNEgb-0xU/maxresdefault.jpg,2026-01-07 15:38:38,UwUNEgb-0xU
17,ë¬´ì§€ì„± ì˜¬ì¸ ê±°ì¸,PAKA,213249,1716,208,2026-01-06T08:30:15Z,https://www.youtube.com/watch?v=urDIai6diM0,https://i.ytimg.com/vi/urDIai6diM0/maxresdefault.jpg,2026-01-07 15:38:38,urDIai6diM0
18,Every Moment Of You (Piano Ver.),Sung Si-kyung - Topic,61863,165,6,2025-12-31T15:03:36Z,https://www.youtube.com/watch?v=Ps2UeoRG-U8,https://i.ytimg.com/vi/Ps2UeoRG-U8/maxresdefault.jpg,2026-01-07 15:38:38,Ps2UeoRG-U8
19,ê²Œì„ ì‹œì‘ 20ë¶„ì´ ë„˜ì—ˆëŠ”ë° ì¸êµ¬ìˆ˜ê°€ 4â€¦ ì˜¤ë²„ë¡œë“œë§Œ ë¯¸ì¹œ ë“¯ì´ ì¡ìœ¼ë©´ ë²Œì–´ì§€ëŠ” ì¼ã…‹ã…‹,[ALTUBE] ê¹€ì„±í˜„TV,127437,1341,194,2026-01-06T09:30:40Z,https://www.youtube.com/watch?v=oUBziTCoMj8,https://i.ytimg.com/vi/oUBziTCoMj8/maxresdefault.jpg,2026-01-07 15:38:38,oUBziTCoMj8
20,Kim Cheolsu Story,Heo Hoy Kyung - Topic,50917,266,4,2025-12-20T02:04:42Z,https://www.youtube.com/watch?v=-obnQICeRCw,https://i.ytimg.com/vi/-obnQICeRCw/maxresdefault.jpg,2026-01-07 15:38:38,-obnQICeRCw
21,NEW ìŠ¹ê°ê³¼ í•¨ê»˜í•˜ëŠ” ê¸°ì°¨ ë§ˆí”¼ì•„ *ì†Œë¦„ì£¼ì˜*,ì ëœ° TV,187847,10916,880,2026-01-06T07:56:00Z,https://www.youtube.com/watch?v=6uqJdMfsQ0g,https://i.ytimg.com/vi/6uqJdMfsQ0g/maxresdefault.jpg,2026-01-07 15:38:38,6uqJdMfsQ0g
22,I Love You,AKMU - Topic,84329,181,10,2025-12-31T15:02:04Z,https://www.youtube.com/watch?v=s4PO3Wgftu8,https://i.ytimg.com/vi/s4PO3Wgftu8/maxresdefault.jpg,2026-01-07 15:38:38,s4PO3Wgftu8
23,í”„ë¦¬ì¦˜ í‹°ì¼“ ìš”ë“¤ì€ ì‹ ì´ë‹¤ ã…‹ã…‹ã…‹ã…‹ã…‹,ì „ì“°íŠ¸ì˜ ê²Œì„ ì±„ë„ Junsst,121604,630,52,2026-01-06T12:15:03Z,https://www.youtube.com/watch?v=HWoFjlt1VkA,https://i.ytimg.com/vi/HWoFjlt1VkA/maxresdefault.jpg,2026-01-07 15:38:38,HWoFjlt1VkA
24,I Believe Change Street Version,TAEHYUN - Topic,59432,841,0,2026-01-03T03:04:03Z,https://www.youtube.com/watch?v=FDjb834LcWw,https://i.ytimg.com/vi/FDjb834LcWw/maxresdefault.jpg,2026-01-07 15:38:38,FDjb834LcWw
25,ì—¬ì ë³´ëŠ” ëˆˆì€ ë¸”íŠœë¸Œ,ê°• ì§€,257916,8502,873,2026-01-06T07:00:49Z,https://www.youtube.com/watch?v=nEmJONUZBaY,https://i.ytimg.com/vi/nEmJONUZBaY/maxresdefault.jpg,2026-01-07 15:38:38,nEmJONUZBaY
26,7080 ë…¸ë˜ëª¨ìŒ | 50ëŒ€ì´ìƒì´ ë“¤ìœ¼ë©´ ì •ë§ ì¢‹ì•„í•  ë…¸ë˜ ì¶”ì²œê³¡ | 7080ë…¸ë˜ëª¨ìŒ ì£¼ì˜¥ê°™ì€ë…¸ë˜ | ì•„ë“íˆ ë¨¼ ê³³ - êµ¬ì°½ëª¨\ì´ì¬ì„± - ê·¸ì§‘ì•\ì–´ëŠ 60ëŒ€ ë…¸ë¶€ë¶€ ì´ì•¼ê¸°,KR - Playlits Hits 7080,7626,70,2,2026-01-05T21:00:06Z,https://www.youtube.com/watch?v=KLwUTmHEFu4,https://i.ytimg.com/vi/KLwUTmHEFu4/maxresdefault.jpg,2026-01-07 15:38:38,KLwUTmHEFu4
27,ì‚¬ëŒ ì‚´ë¦¬ëŸ¬ ì™”ìŠµë‹ˆë‹¤,ë„ë¡œ,509666,4265,868,2026-01-05T09:12:05Z,https://www.youtube.com/watch?v=w637lPH_b8M,https://i.ytimg.com/vi/w637lPH_b8M/maxresdefault.jpg,2026-01-07 15:38:38,w637lPH_b8M
28,ëª°ëì£ ,ì˜¤ì—°í•˜ - Topic,28134,3359,0,2025-12-22T03:01:50Z,https://www.youtube.com/watch?v=TsLxwwlhh6g,https://i.ytimg.com/vi/TsLxwwlhh6g/maxresdefault.jpg,2026-01-07 15:38:38,TsLxwwlhh6g
29,ì—¬ì„¯ ê°œì˜ ë³„ì„ ìƒˆê¸°ë©°ï½œ2025 Worlds Behind,T1,733763,19291,2177,2026-01-04T14:00:07Z,https://www.youtube.com/watch?v=or7Xc8tZg-g,https://i.ytimg.com/vi/or7Xc8tZg-g/maxresdefault.jpg,2026-01-07 15:38:38,or7Xc8tZg-g
30,TSUYU,Siip - Topic,449923,17423,700,2025-12-24T15:04:37Z,https://www.youtube.com/watch?v=6MiiX6PpRus,https://i.ytimg.com/vi/6MiiX6PpRus/maxresdefault.jpg,2026-01-07 15:38:38,6MiiX6PpRus
31,DG98 : ë‹¹ì‹ ì€ ì €ê²©ëŸ¬ê°€ ë§ìŠµë‹ˆë‹¤,ë°°ê·¸ ë°•í”„ë¡œ,147673,2222,1229,2026-01-05T23:00:35Z,https://www.youtube.com/watch?v=Lm4mVkcfHFQ,https://i.ytimg.com/vi/Lm4mVkcfHFQ/maxresdefault.jpg,2026-01-07 15:38:38,Lm4mVkcfHFQ
32,ì„ì¬ë²”(Yim jaebeum) - Life is a Drama_MV,ì„ì¬ë²” ê³µì‹ì±„ë„ Yimjaebeum Official,26218,1564,223,2026-01-06T09:00:53Z,https://www.youtube.com/watch?v=YDr_9JI6zQ4,https://i.ytimg.com/vi/YDr_9JI6zQ4/maxresdefault.jpg,2026-01-07 15:38:38,YDr_9JI6zQ4
33,ì´ì œ ë§ì„¤ì´ì§€ë§ˆì„¸ìš”. 'ì´ì‰¬íƒˆ ì „ìš© ì¦ê°•' ì‚¬ìš©ë²•,íŒ”ì°¨ì„  [8LJAYWALKING],128916,764,88,2026-01-06T09:01:28Z,https://www.youtube.com/watch?v=ww9l8zYs1Cg,https://i.ytimg.com/vi/ww9l8zYs1Cg/maxresdefault.jpg,2026-01-07 15:38:38,ww9l8zYs1Cg
34,1ì›”ì´ ë˜ë©´ ê¼­ ë“¤ì–´ì•¼ í•˜ëŠ” 7080 ë…¸ë˜ ë² ìŠ¤íŠ¸ ğŸ“» 50ëŒ€ 60ëŒ€ ë§ˆìŒì„ ìš¸ë¦¬ëŠ” ì¶”ì–µì˜ ë…¸ë˜ - ê·¸ì§‘ì•/ë°”ëŒë°”ëŒë°”ëŒ/ìŠí˜€ì§„ ì‚¬ë‘/ì•„ë“íˆë¨¼ê³³/ì–´ëŠ 60ëŒ€ ë…¸ë¶€ë¶€ ì´ì•¼ê¸°,Retro Radio 7080,8260,147,5,2026-01-05T22:01:03Z,https://www.youtube.com/watch?v=tQVAny6In-s,https://i.ytimg.com/vi/tQVAny6In-s/maxresdefault.jpg,2026-01-07 15:38:38,tQVAny6In-s
35,"ì „ í”„ë¡œê²Œì´ë¨¸ , í˜„ ë°©ì†¡ì¸ì´ë‘ ë¡¤í•˜ë‹¤ ëŒ€íŒ ì‹¸ì› ìŠµë‹ˆë‹¤...",ê°€ì¬ë§¨,203557,2742,739,2026-01-05T15:00:45Z,https://www.youtube.com/watch?v=BWnivBjeg1Q,https://i.ytimg.com/vi/BWnivBjeg1Q/maxresdefault.jpg,2026-01-07 15:38:38,BWnivBjeg1Q
36,"[ìµœì‹ ê°€ìš”ì—°ì†ë“£ê¸° 2026] KPOP ë…¸ë™ìš” ğŸ’š 2026ë…„ 1ì›” 5ì¼ 2ì£¼ì°¨, ë©œë¡ ì°¨íŠ¸ X, ë…¸ë˜ëª¨ìŒ í”Œë ˆì´ë¦¬ìŠ¤íŠ¸ ë©œë¡  ì¢…í•©ì°¨íŠ¸",Yeo Doll,30083,269,13,2026-01-04T23:00:22Z,https://www.youtube.com/watch?v=K55yGagNeas,https://i.ytimg.com/vi/K55yGagNeas/maxresdefault.jpg,2026-01-07 15:38:38,K55yGagNeas
37,ì´ë²ˆì—” 86ë²ˆ ì¡ê¸° ë¯¸ì…˜ì¸ë° í‹°ë°ì„ã…‹ã…‹ã…‹ã…‹,ì£¼í‚¤ë‹ˆTV,108300,1572,96,2026-01-06T10:30:32Z,https://www.youtube.com/watch?v=ZG1Vaq7eerc,https://i.ytimg.com/vi/ZG1Vaq7eerc/maxresdefault.jpg,2026-01-07 15:38:38,ZG1Vaq7eerc
38,Period (Prod. LEE MU JIN),Release - Topic,59243,1038,0,2025-12-31T09:01:41Z,https://www.youtube.com/watch?v=mVpTcOyWwf0,https://i.ytimg.com/vi/mVpTcOyWwf0/maxresdefault.jpg,2026-01-07 15:38:38,mVpTcOyWwf0
39,"í°ì¼ ë‚¬ìŠµë‹ˆë‹¤...ë¦¬ë·° 1400ê°œê°€ ê·¹ì°¬ì¸ ""ë¸”ë™í™€ í‚¤ìš°ê¸°"" ë°¤ìƒˆ í•˜ê³ ìˆìŒã… ã… ã… ",í˜œì•ˆ,421735,8177,829,2026-01-05T10:24:00Z,https://www.youtube.com/watch?v=7Lcz0wxGgI8,https://i.ytimg.com/vi/7Lcz0wxGgI8/maxresdefault.jpg,2026-01-07 15:38:38,7Lcz0wxGgI8
40,Wishing Star,NCT WISH - Topic,7872,1453,129,2026-01-07T03:02:39Z,https://www.youtube.com/watch?v=Ry12zQzkGPk,https://i.ytimg.com/vi/Ry12zQzkGPk/maxresdefault.jpg,2026-01-07 15:38:38,Ry12zQzkGPk
41,í˜„ì§ˆí•˜ë‹¤ ê±°ë˜ ê±°ì ˆ ë‹¹í•œ ì´ˆí‘ìš° í­ê·„ã…‹ã…‹ã…‹ã…‹,ìˆ˜í”¼,85144,906,76,2026-01-06T12:18:56Z,https://www.youtube.com/watch?v=bkWxVI8lH6o,https://i.ytimg.com/vi/bkWxVI8lH6o/maxresdefault.jpg,2026-01-07 15:38:38,bkWxVI8lH6o
42,Universe (ë‚˜ì˜ ìš°ì£¼),Kwon Jin-ah - Topic,56821,863,15,2026-01-04T09:01:43Z,https://www.youtube.com/watch?v=NWQB_yFwn7k,https://i.ytimg.com/vi/NWQB_yFwn7k/maxresdefault.jpg,2026-01-07 15:38:38,NWQB_yFwn7k
43,ì´ë ‡ê²Œ ì˜ ìˆ¨ëŠ” ê´´ë¬¼ì€ ì‚´ë©´ì„œ ì²˜ìŒ ë´…ë‹ˆë‹¤ (ê³µí¬ê²Œì„/Skull Hotel),ìˆ˜íƒ‰,201892,4604,494,2026-01-05T12:52:01Z,https://www.youtube.com/watch?v=ce2HTLWaObg,https://i.ytimg.com/vi/ce2HTLWaObg/maxresdefault.jpg,2026-01-07 15:38:38,ce2HTLWaObg
44,Hi Bully,TOUCHED - Topic,67953,301,6,2025-12-10T18:59:17Z,https://www.youtube.com/watch?v=A-iHRvwkbs0,https://i.ytimg.com/vi/A-iHRvwkbs0/maxresdefault.jpg,2026-01-07 15:38:38,A-iHRvwkbs0
45,íŒŒì´ë¸Œ ì„¸ë¸ì´ ìƒê°ë‚˜ëŠ” ê°œì‚¬ê¸° í”¼ìŠ¤í†¨ì´ ì¶œì‹œ ë˜ì—ˆìŠµë‹ˆë‹¤ ã…‹ã…‹ã…‹ã…‹ã…‹ã…‹ã…‹ã…‹,í–‰ëŒ,79569,1662,141,2026-01-06T22:00:09Z,https://www.youtube.com/watch?v=8zJn1WLR2uI,https://i.ytimg.com/vi/8zJn1WLR2uI/maxresdefault.jpg,2026-01-07 15:38:38,8zJn1WLR2uI
46,"[ì°¬ì†¡ê°€ ë§¤ì¼ 1ì‹œê°„ ì—°ì†ë“£ê¸°] ì˜¤ëŠ˜ ê¼­ ë“¤ì–´ì•¼ í•  ì°¬ì†¡ê°€ ì—°ì†ë“£ê¸°_ê´‘ê³ ì—†ëŠ”ì°¬ì†¡ê°€, ì°¬ì†¡ê°€ë² ìŠ¤íŠ¸, ì°¬ì†¡, ì°¬ì†¡ê°€ ì—°ì† ë“£ê¸°, ì€í˜œì°¬ì†¡, ì°¬ì†¡ê°€, ì°¬ì†¡ê°€ ì—°ì† ë“£ê¸° ê´‘ê³ ì—†ìŒ",abbapraise Christian Music ì•„ë°”í”„ë ˆì´ì¦ˆ í¬ë¦¬ìŠ¤ì²œ ë®¤ì§,12376,413,15,2026-01-05T21:00:50Z,https://www.youtube.com/watch?v=fNz0Cj4h2kc,https://i.ytimg.com/vi/fNz0Cj4h2kc/maxresdefault.jpg,2026-01-07 15:38:38,fNz0Cj4h2kc
47,"ì‹ ê·œ ë¬´ê¸° ì¶œì‹œ, ìš”ì› ì—…ë°ì´íŠ¸, ë§µ ì—…ë°ì´íŠ¸ì™€ ë¡œí…Œì´ì…˜ ë³€ê²½, ì‹ ê·œ ëª¨ë“œ ì¶”ê°€ ë“± v12.00íŒ¨ì¹˜ // íŒ¨ì¹˜ë…¸íŠ¸ í•˜ì´ë¼ì´íŠ¸ - ë°œë¡œë€íŠ¸",ë°œë¡œë€íŠ¸,99957,2665,514,2026-01-06T14:01:22Z,https://www.youtube.com/watch?v=lTIqO4dJFcY,https://i.ytimg.com/vi/lTIqO4dJFcY/maxresdefault.jpg,2026-01-07 15:38:38,lTIqO4dJFcY
48,Pretty Boy Swag,idntt - Topic,14360,119,6,2026-01-05T09:00:18Z,https://www.youtube.com/watch?v=7CzOdhSMs4U,https://i.ytimg.com/vi/7CzOdhSMs4U/maxresdefault.jpg,2026-01-07 15:38:38,7CzOdhSMs4U
49,ã€í´ìƒë„ vs ë„›ì €ë°§ ì €í‹°ì–´ ëŒ€ì „ã€‘ë¬¸íŒŒì˜ ëª…ì˜ˆë¥¼ ê±¸ê³  ë°˜ë“œì‹œ ì´ê¸°ê² ìŠµë‹ˆë‹¤!,ì´ìƒí˜¸,303958,2025,266,2026-01-04T16:15:44Z,https://www.youtube.com/watch?v=VEEL_n0NQdI,https://i.ytimg.com/vi/VEEL_n0NQdI/maxresdefault.jpg,2026-01-07 15:38:38,VEEL_n0NQdI
50,ì„œë¡œ ì‚¬ë‘í•˜ëŠ” ë§ˆìŒ,ì°°ë¦¬ë¹ˆì›ìŠ¤ - Topic,43346,634,0,2026-01-03T03:04:24Z,https://www.youtube.com/watch?v=uomVNxmkylg,https://i.ytimg.com/vi/uomVNxmkylg/maxresdefault.jpg,2026-01-07 15:38:38,uomVNxmkylg
1,"XO, My Cyberlove",CHUU - Topic,55391,1594,60,2026-01-07T09:01:12Z,https://www.youtube.com/watch?v=lV4aZXWSaUY,https://i.ytimg.com/vi/lV4aZXWSaUY/maxresdefault.jpg,lV4aZXWSaUY,2026-01-08 10:51:08
2,[ì–´ë²¤ì ¸ìŠ¤: ë‘ ìŠ¤ë°ì´] 'ì—‘ìŠ¤ë§¨' ì˜ˆê³ í¸ ìµœì´ˆ ê³µê°œ,MarvelKorea,513664,7650,1285,2026-01-06T14:33:00Z,https://www.youtube.com/watch?v=acUIyAfieHE,https://i.ytimg.com/vi/acUIyAfieHE/maxresdefault.jpg,acUIyAfieHE,2026-01-08 10:51:08
3,[ë°ë§ˆì‹œì•„ë¥¼ ìœ„í•˜ì—¬] 2026 ì‹œì¦Œ ì˜¤í”„ë‹ ì¸í„°ë·° | BOTí¸,LCK,229784,0,595,2026-01-07T09:36:14Z,https://www.youtube.com/watch?v=oLI4Ku_gAQc,https://i.ytimg.com/vi/oLI4Ku_gAQc/maxresdefault.jpg,oLI4Ku_gAQc,2026-01-08 10:51:08
4,Wish,Wonpil (DAY6) - Topic,29353,2267,0,2026-01-07T09:03:24Z,https://www.youtube.com/watch?v=4Mftjtzee9w,https://i.ytimg.com/vi/4Mftjtzee9w/maxresdefault.jpg,4Mftjtzee9w,2026-01-08 10:51:08
5,ì´ì•¼.. ì§„ì§œ ë¯¸ì³¤ë‹¤ ë¯¸ì³¤ì–´.. â‰ªì–´ë²¤ì ¸ìŠ¤: ë‘ ìŠ¤ë°ì´â‰« 3ì°¨ ì—‘ìŠ¤ë§¨ í‹°ì € ì˜ˆê³ í¸ ë–¡ë°¥ ì´ì •ë¦¬,ë¬´ë¹„ëµí¬_Movie Think,378067,5359,714,2026-01-06T15:23:19Z,https://www.youtube.com/watch?v=v_LcASFYFiE,https://i.ytimg.com/vi/v_LcASFYFiE/maxresdefault.jpg,v_LcASFYFiE,2026-01-08 10:51:08
6,ë“œë””ì–´ ê²°ì „ì˜ ë‚ ..! ë¬¸íŒŒëŒ€ê²° ì²« ê²½ê¸°ë¶€í„° í”¼ë„›VSí´ë¦¬ë“œã„·ã„·ã€ë„›ì €ë°§í•©ìˆ™ EP.06ã€‘,ì €ë¼ëƒ JUSTLIKETHAT,284040,1728,379,2026-01-06T16:25:25Z,https://www.youtube.com/watch?v=JezzJzktvwc,https://i.ytimg.com/vi/JezzJzktvwc/maxresdefault.jpg,JezzJzktvwc,2026-01-08 10:51:08
7,LIE (2026 ver.),Ha Yea Song - Topic,20647,836,24,2026-01-07T09:03:18Z,https://www.youtube.com/watch?v=dXslk1nJLOM,https://i.ytimg.com/vi/dXslk1nJLOM/maxresdefault.jpg,dXslk1nJLOM,2026-01-08 10:51:08
8,[êµ°ì²´] 30ì´ˆ ì˜ˆê³ í¸,ì‡¼ë°•ìŠ¤ SHOWBOX,259951,1930,555,2026-01-05T22:30:05Z,https://www.youtube.com/watch?v=MWveUG9bZig,https://i.ytimg.com/vi/MWveUG9bZig/maxresdefault.jpg,MWveUG9bZig,2026-01-08 10:51:08
9,"280ëŒ€ ë ˆë²¨ ìµœì´ˆ! ë°ë²¤ì ¸ ë°ìŠ¤í‹°ë‹ˆ í•´ë°© ì™„ë£Œ ã„·ã„· [íŒ¡ì´ìš”,  ë©”ì´í”ŒìŠ¤í† ë¦¬]",íŒ¡ì´ìš”,184039,865,128,2026-01-07T10:37:06Z,https://www.youtube.com/watch?v=kVZYOQg9OqY,https://i.ytimg.com/vi/kVZYOQg9OqY/maxresdefault.jpg,kVZYOQg9OqY,2026-01-08 10:51:08
10,Not Like a Movie,H1-KEY - Topic,175112,2210,53,2026-01-05T09:03:22Z,https://www.youtube.com/watch?v=_UiZ-Uuw1ro,https://i.ytimg.com/vi/_UiZ-Uuw1ro/maxresdefault.jpg,_UiZ-Uuw1ro,2026-01-08 10:51:08
11,ì´ ì‚¬ë‘ í†µì—­ ë˜ë‚˜ìš”? | ê³µì‹ ì˜ˆê³ í¸ | ë„·í”Œë¦­ìŠ¤,Netflix Korea ë„·í”Œë¦­ìŠ¤ ì½”ë¦¬ì•„,441983,8184,826,2026-01-05T00:00:00Z,https://www.youtube.com/watch?v=IIHQ1Z2yu80,https://i.ytimg.com/vi/IIHQ1Z2yu80/maxresdefault.jpg,IIHQ1Z2yu80,2026-01-08 10:51:08
12,ì´ˆíŒ¨ìŠ¤íŠ¸ ë³„ë˜¥ë³„ ì†Œí™˜ìˆ ,ì¡ìƒì‹±,179310,1500,74,2026-01-07T11:01:04Z,https://www.youtube.com/watch?v=WMzQU0pYHwM,https://i.ytimg.com/vi/WMzQU0pYHwM/maxresdefault.jpg,WMzQU0pYHwM,2026-01-08 10:51:08
13,Love Me More,Apink - Topic,259852,4648,135,2026-01-05T09:01:39Z,https://www.youtube.com/watch?v=BnqvaC65vvM,https://i.ytimg.com/vi/BnqvaC65vvM/maxresdefault.jpg,BnqvaC65vvM,2026-01-08 10:51:08
14,"ì™€.. ì—°ìƒí˜¸ ã€Šêµ°ì²´ã€‹ ì²« ì˜ˆê³ í¸ ë–´ë‹¤..ğŸ”¥ ""ë¶€ì‚°í–‰""ì„ ì‡ëŠ” í•œêµ­ ì¢€ë¹„ì˜í™” & ì¡´ì¬ê° ë¯¸ì¹œ ë¹ŒëŸ° ""êµ¬êµí™˜""ê¹Œì§€ã„·ã„· (+2026 í•œêµ­ì¢€ë¹„ ì‘í’ˆ ì´ì •ë¦¬)",ë§¤ë“œë¬´ë¹„ : MadMovie,141729,1081,259,2026-01-06T08:15:18Z,https://www.youtube.com/watch?v=oPmy99lZr6c,https://i.ytimg.com/vi/oPmy99lZr6c/maxresdefault.jpg,oPmy99lZr6c,2026-01-08 10:51:08
15,"""ë‚´ê°€ ì•„ë‹ˆë©´ ëˆ„ê°€ í•˜ë¦¬"" ê²°êµ­ ì‚¬ë¶€ì˜ ì†ì— ê²°ì •ëœ ë¬¸íŒŒëŒ€ì „ì˜ ê²°ë§..!",ì´ìƒí˜¸,142919,959,176,2026-01-07T14:32:56Z,https://www.youtube.com/watch?v=ELFpVFycUUg,https://i.ytimg.com/vi/ELFpVFycUUg/maxresdefault.jpg,ELFpVFycUUg,2026-01-08 10:51:08
16,"ZICO,Â å¹¾ç”°ã‚Šã‚‰Â -Â DUETÂ /Â THEÂ FIRSTÂ TAKE",THE FIRST TAKE,356057,32682,1012,2026-01-07T13:00:07Z,https://www.youtube.com/watch?v=pP0Xn4c14ME,https://i.ytimg.com/vi/pP0Xn4c14ME/maxresdefault.jpg,pP0Xn4c14ME,2026-01-08 10:51:08
17,ì ììš”ë¦¬ì‚¬,ê´´ë¬¼ì¥ ìœ íŠœë¸Œ,221205,1402,202,2026-01-07T13:00:17Z,https://www.youtube.com/watch?v=3nkxONJaUQU,https://i.ytimg.com/vi/3nkxONJaUQU/maxresdefault.jpg,3nkxONJaUQU,2026-01-08 10:51:08
18,Punk Rocky,A$AP Rocky - Topic,586293,21404,754,2026-01-05T20:00:43Z,https://www.youtube.com/watch?v=hVWyWH-caAE,https://i.ytimg.com/vi/hVWyWH-caAE/maxresdefault.jpg,hVWyWH-caAE,2026-01-08 10:51:08
19,[LIVE] ì•„ì´ì˜¨2 ì‹ ë…„ ë¼ì´ë¸Œ ë°©ì†¡,AION2,203774,3222,434,2026-01-06T13:18:17Z,https://www.youtube.com/watch?v=5jFZSI6dABo,https://i.ytimg.com/vi/5jFZSI6dABo/maxresdefault.jpg,5jFZSI6dABo,2026-01-08 10:51:08
20,Wishing Star,NCT WISH - Topic,40060,3268,218,2026-01-07T03:02:39Z,https://www.youtube.com/watch?v=Ry12zQzkGPk,https://i.ytimg.com/vi/Ry12zQzkGPk/maxresdefault.jpg,Ry12zQzkGPk,2026-01-08 10:51:08
21,[ë¹…ë³´ìŠ¤ 1. 7 ] ë¦¬ë‹ˆì§€m : 8ì¹´íƒˆ 2ê°œ ì„±ê³µ!!!,ë¹…ë³´ìŠ¤,97509,4481,41,2026-01-07T14:52:04Z,https://www.youtube.com/watch?v=ThCQah5I0f8,https://i.ytimg.com/vi/ThCQah5I0f8/maxresdefault.jpg,ThCQah5I0f8,2026-01-08 10:51:08
22,Killer Joy,CNBLUE - Topic,18635,617,15,2026-01-07T09:00:38Z,https://www.youtube.com/watch?v=KUjWlTgqTyA,https://i.ytimg.com/vi/KUjWlTgqTyA/maxresdefault.jpg,KUjWlTgqTyA,2026-01-08 10:51:08
23,"[ìƒë°©ì†¡ ë‹¤ì‹œë³´ê¸°] ë¡œì‚¬ë‹¨ ì„¸ë¥´ì¹´ ì˜¤í”ˆëŸ° (w.ê°€ë¹„, í† ë¼, ìº¡ì­)",ì´ë‹¤ì˜ê²Œì„ë°©ì†¡,233731,0,4,2026-01-07T14:53:10Z,https://www.youtube.com/watch?v=SoxSG6378uw,https://i.ytimg.com/vi/SoxSG6378uw/maxresdefault.jpg,SoxSG6378uw,2026-01-08 10:51:08
24,Kotonoha,tuki. - Topic,78042,1944,32,2026-01-05T10:01:43Z,https://www.youtube.com/watch?v=yvWGrak_vvU,https://i.ytimg.com/vi/yvWGrak_vvU/maxresdefault.jpg,yvWGrak_vvU,2026-01-08 10:51:08
25,ì´ìƒí˜¸ ê¹€ë¯¼êµ ì™”ë‹¤ã…‹ã…‹ ë³¸ìº í­í’í˜„ì§ˆ ê°œì›ƒê¹€ã…‹ã…‹ã…‹ã…‹ã…‹,ë‘ì¹˜ì™€ë¿Œê¾¸,95579,675,103,2026-01-07T11:00:40Z,https://www.youtube.com/watch?v=Js4BoP0t7mU,https://i.ytimg.com/vi/Js4BoP0t7mU/maxresdefault.jpg,Js4BoP0t7mU,2026-01-08 10:51:08
26,Dream (Veiled Musician X Paul Kim with Gamil-dong Cotton Candy) (Dream (ë² ì¼ë“œë®¤ì§€ì…˜ X...,Paul Kim - Topic,26872,505,7,2026-01-06T09:03:04Z,https://www.youtube.com/watch?v=UwUNEgb-0xU,https://i.ytimg.com/vi/UwUNEgb-0xU/maxresdefault.jpg,UwUNEgb-0xU,2026-01-08 10:51:08
27,ëŒ€ìƒí˜„,ìŠ¹ìƒì‹±,544333,10971,848,2026-01-05T19:01:20Z,https://www.youtube.com/watch?v=gfP62pnjig0,https://i.ytimg.com/vi/gfP62pnjig0/maxresdefault.jpg,gfP62pnjig0,2026-01-08 10:51:08
28,Every Moment Of You (Piano Ver.),Sung Si-kyung - Topic,81657,194,6,2025-12-31T15:03:36Z,https://www.youtube.com/watch?v=Ps2UeoRG-U8,https://i.ytimg.com/vi/Ps2UeoRG-U8/maxresdefault.jpg,Ps2UeoRG-U8,2026-01-08 10:51:08
29,ì¼ë³¸ì„­ ì¦ë°”ëŒ ê·¹ì°¬ ë°›ì€ ì‚¬ëŒ,Official dopa,140529,751,150,2026-01-07T09:25:30Z,https://www.youtube.com/watch?v=2daZNtZ9hwo,https://i.ytimg.com/vi/2daZNtZ9hwo/maxresdefault.jpg,2daZNtZ9hwo,2026-01-08 10:51:08
30,When it turns white,entoy - Topic,129337,1885,37,2025-12-18T09:02:49Z,https://www.youtube.com/watch?v=Nhs9NKQ0-8E,https://i.ytimg.com/vi/Nhs9NKQ0-8E/maxresdefault.jpg,Nhs9NKQ0-8E,2026-01-08 10:51:08
31,ìƒìƒë„ ëª»í•œ ì§ì—… ì„ íƒ,ê¸€ìë„¤,111017,706,152,2026-01-07T09:15:13Z,https://www.youtube.com/watch?v=i40xNsFRC_0,https://i.ytimg.com/vi/i40xNsFRC_0/maxresdefault.jpg,i40xNsFRC_0,2026-01-08 10:51:08
32,ëª°ëì£ ,ì˜¤ì—°í•˜ - Topic,35306,4862,0,2025-12-22T03:01:50Z,https://www.youtube.com/watch?v=TsLxwwlhh6g,https://i.ytimg.com/vi/TsLxwwlhh6g/maxresdefault.jpg,TsLxwwlhh6g,2026-01-08 10:51:08
33,NEW ìŠ¹ê°ê³¼ í•¨ê»˜í•˜ëŠ” ê¸°ì°¨ ë§ˆí”¼ì•„ *ì†Œë¦„ì£¼ì˜*,ì ëœ° TV,241895,12223,941,2026-01-06T07:56:00Z,https://www.youtube.com/watch?v=6uqJdMfsQ0g,https://i.ytimg.com/vi/6uqJdMfsQ0g/maxresdefault.jpg,6uqJdMfsQ0g,2026-01-08 10:51:08
34,Kim Cheolsu Story,Heo Hoy Kyung - Topic,59079,301,5,2025-12-20T02:04:42Z,https://www.youtube.com/watch?v=-obnQICeRCw,https://i.ytimg.com/vi/-obnQICeRCw/maxresdefault.jpg,-obnQICeRCw,2026-01-08 10:51:08
35,ë¬´ì§€ì„± ì˜¬ì¸ ê±°ì¸,PAKA,261059,1897,221,2026-01-06T08:30:15Z,https://www.youtube.com/watch?v=urDIai6diM0,https://i.ytimg.com/vi/urDIai6diM0/maxresdefault.jpg,urDIai6diM0,2026-01-08 10:51:08
36,I Love You,AKMU - Topic,111579,222,10,2025-12-31T15:02:04Z,https://www.youtube.com/watch?v=s4PO3Wgftu8,https://i.ytimg.com/vi/s4PO3Wgftu8/maxresdefault.jpg,s4PO3Wgftu8,2026-01-08 10:51:08
37,ê²Œì„ ì‹œì‘ 20ë¶„ì´ ë„˜ì—ˆëŠ”ë° ì¸êµ¬ìˆ˜ê°€ 4â€¦ ì˜¤ë²„ë¡œë“œë§Œ ë¯¸ì¹œ ë“¯ì´ ì¡ìœ¼ë©´ ë²Œì–´ì§€ëŠ” ì¼ã…‹ã…‹,[ALTUBE] ê¹€ì„±í˜„TV,160399,1557,214,2026-01-06T09:30:40Z,https://www.youtube.com/watch?v=oUBziTCoMj8,https://i.ytimg.com/vi/oUBziTCoMj8/maxresdefault.jpg,oUBziTCoMj8,2026-01-08 10:51:08
38,1ì›”ì´ ë˜ë©´ ê¼­ ë“¤ì–´ì•¼ í•˜ëŠ” 7080 ë…¸ë˜ ë² ìŠ¤íŠ¸ ğŸ“» 50ëŒ€ 60ëŒ€ ë§ˆìŒì„ ìš¸ë¦¬ëŠ” ì¶”ì–µì˜ ë…¸ë˜ - ê·¸ì§‘ì•/ë°”ëŒë°”ëŒë°”ëŒ/ìŠí˜€ì§„ ì‚¬ë‘/ì•„ë“íˆë¨¼ê³³/ì–´ëŠ 60ëŒ€ ë…¸ë¶€ë¶€ ì´ì•¼ê¸°,Retro Radio 7080,13675,226,5,2026-01-05T22:01:03Z,https://www.youtube.com/watch?v=tQVAny6In-s,https://i.ytimg.com/vi/tQVAny6In-s/maxresdefault.jpg,tQVAny6In-s,2026-01-08 10:51:08
39,26.01.07(ìˆ˜) ã€ ì¸í”¼ì‰° ìƒë°©ì†¡ ë‹¤ì‹œë³´ê¸° ã€‘ ìŠ¤íƒ€ ë¹¨ë¬´ ìŠ¤íƒ€í¬ë˜í”„íŠ¸ Starcraft,ì¸í”¼ì‰°,98153,3144,2,2026-01-07T16:10:11Z,https://www.youtube.com/watch?v=U7NP0-8fiEw,https://i.ytimg.com/vi/U7NP0-8fiEw/maxresdefault.jpg,U7NP0-8fiEw,2026-01-08 10:51:08
40,The Shape of Love (Prod. HwangHyun (MonoTree)),Release - Topic,33663,397,0,2025-12-31T09:02:51Z,https://www.youtube.com/watch?v=3oJb5-x07h0,https://i.ytimg.com/vi/3oJb5-x07h0/maxresdefault.jpg,3oJb5-x07h0,2026-01-08 10:51:08
41,ì¦‰ì‚¬ ì•„ì´í…œë§Œ ì“°ëŠ” ì–´ë‘ ì˜ ë§ˆë¦¬ì˜¤ íŒŒí‹°ã…‹ã…‹ã…‹,ì™ˆë„ì¿¤,102738,2654,129,2026-01-07T11:01:38Z,https://www.youtube.com/watch?v=prWHYJiw-SE,https://i.ytimg.com/vi/prWHYJiw-SE/maxresdefault.jpg,prWHYJiw-SE,2026-01-08 10:51:08
42,7080 ë…¸ë˜ëª¨ìŒ | 50ëŒ€ì´ìƒì´ ë“¤ìœ¼ë©´ ì •ë§ ì¢‹ì•„í•  ë…¸ë˜ ì¶”ì²œê³¡ | 7080ë…¸ë˜ëª¨ìŒ ì£¼ì˜¥ê°™ì€ë…¸ë˜ | ì•„ë“íˆ ë¨¼ ê³³ - êµ¬ì°½ëª¨\ì´ì¬ì„± - ê·¸ì§‘ì•\ì–´ëŠ 60ëŒ€ ë…¸ë¶€ë¶€ ì´ì•¼ê¸°,KR - Playlits Hits 7080,11201,100,3,2026-01-05T21:00:06Z,https://www.youtube.com/watch?v=KLwUTmHEFu4,https://i.ytimg.com/vi/KLwUTmHEFu4/maxresdefault.jpg,KLwUTmHEFu4,2026-01-08 10:51:08
43,ã€íŒ¨ì¹˜ë…¸íŠ¸ã€‘ë¯¸ì¹œ ëŒ€ê²©ë³€ íŒ¨ì¹˜ê°€ ì˜¨ë‹¤!! 16.2 ê¹€ë£¨ìœˆì˜ íŒ¨ì¹˜ ì½ì–´ì£¼ëŠ” ë‚¨ì (ë¡¤í† ì²´ìŠ¤ ì‹œì¦Œ16),ì…ë§Œì‚°_ê¹€ë£¨ìœˆ,135905,847,499,2026-01-07T01:55:33Z,https://www.youtube.com/watch?v=SLS3Ah8JFAc,https://i.ytimg.com/vi/SLS3Ah8JFAc/maxresdefault.jpg,SLS3Ah8JFAc,2026-01-08 10:51:08
44,I Believe Change Street Version,TAEHYUN - Topic,66636,877,0,2026-01-03T03:04:03Z,https://www.youtube.com/watch?v=FDjb834LcWw,https://i.ytimg.com/vi/FDjb834LcWw/maxresdefault.jpg,FDjb834LcWw,2026-01-08 10:51:08
45,í›Œë¼ëŠ” í­êµ° ë¼ì´ë¸Œ ìŠ¤íŠ¸ë¦¬ë° ì¤‘,í›Œë¼ëŠ” í­êµ°,96616,275,1,2026-01-07T16:30:11Z,https://www.youtube.com/watch?v=7_AE0F2DMNA,https://i.ytimg.com/vi/7_AE0F2DMNA/maxresdefault.jpg,7_AE0F2DMNA,2026-01-08 10:51:08
46,"NMIXX Lily & GIRLSET Camila ""For Good"" (Cynthia Erivo, Ariana Grande)",GIRLSET,193100,37704,1892,2026-01-07T03:00:28Z,https://www.youtube.com/watch?v=-GbI2RTo83o,https://i.ytimg.com/vi/-GbI2RTo83o/maxresdefault.jpg,-GbI2RTo83o,2026-01-08 10:51:08
47,ã€ íƒ¬íƒ¬ë²„ë¦° ã€‘ - ì´ì„¸ê³„ë¥¼ ì§€í‚¤ëŠ” ìš©ì‚¬ë“¤ì€ ë§íˆ¬ê°€ ì´ìƒí•˜ë‹¤ ã…‹ã…‹ã…‹ã…‹ (ë©‹ì‚¬ê³µì±…RPG 2í¸),íƒ¬íƒ¬ë²„ë¦°,143277,2258,117,2026-01-07T07:00:51Z,https://www.youtube.com/watch?v=uDYsQd9BQPI,https://i.ytimg.com/vi/uDYsQd9BQPI/maxresdefault.jpg,uDYsQd9BQPI,2026-01-08 10:51:08
48,"[ìµœì‹ ê°€ìš”ì—°ì†ë“£ê¸° 2026] KPOP ë…¸ë™ìš” ğŸ’š 2026ë…„ 1ì›” 5ì¼ 2ì£¼ì°¨, ë©œë¡ ì°¨íŠ¸ X, ë…¸ë˜ëª¨ìŒ í”Œë ˆì´ë¦¬ìŠ¤íŠ¸ ë©œë¡  ì¢…í•©ì°¨íŠ¸",Yeo Doll,38129,331,15,2026-01-04T23:00:22Z,https://www.youtube.com/watch?v=K55yGagNeas,https://i.ytimg.com/vi/K55yGagNeas/maxresdefault.jpg,K55yGagNeas,2026-01-08 10:51:08
49,í°ì¼ì€ ì‹¤ë²„ê°€ í•œë‹¤ : í¬ì¼“ëª¬ ë˜ã€í¬ì¼“ëª¬ìŠ¤í„° ë”ìŠ¤í¬ ì‹œë¦¬ì¦ˆã€‘#2,ê·¼ê°€ë†ˆ,79755,1118,214,2026-01-07T10:00:55Z,https://www.youtube.com/watch?v=_MLM3nOxb9w,https://i.ytimg.com/vi/_MLM3nOxb9w/maxresdefault.jpg,_MLM3nOxb9w,2026-01-08 10:51:08
50,ë˜ ë‹¤ì‹œ í’€í…œ ë§ì¶”ê³  í”¼ì•„ëˆ„ìŠ¤ ë³µìˆ˜ì „,ê¹€ë°ë°,89231,379,45,2026-01-07T09:59:47Z,https://www.youtube.com/watch?v=syg6gJUh6G8,https://i.ytimg.com/vi/syg6gJUh6G8/maxresdefault.jpg,syg6gJUh6G8,2026-01-08 10:51:08
1,"XO, My Cyberlove",CHUU - Topic,81179,1778,63,2026-01-07T09:01:12Z,https://www.youtube.com/watch?v=lV4aZXWSaUY,https://i.ytimg.com/vi/lV4aZXWSaUY/maxresdefault.jpg,lV4aZXWSaUY,2026-01-08 15:38:30
2,[ì–´ë²¤ì ¸ìŠ¤: ë‘ ìŠ¤ë°ì´] 'ì—‘ìŠ¤ë§¨' ì˜ˆê³ í¸ ìµœì´ˆ ê³µê°œ,MarvelKorea,525537,7731,1303,2026-01-06T14:33:00Z,https://www.youtube.com/watch?v=acUIyAfieHE,https://i.ytimg.com/vi/acUIyAfieHE/maxresdefault.jpg,acUIyAfieHE,2026-01-08 15:38:30
3,[ë°ë§ˆì‹œì•„ë¥¼ ìœ„í•˜ì—¬] 2026 ì‹œì¦Œ ì˜¤í”„ë‹ ì¸í„°ë·° | BOTí¸,LCK,247591,0,611,2026-01-07T09:36:14Z,https://www.youtube.com/watch?v=oLI4Ku_gAQc,https://i.ytimg.com/vi/oLI4Ku_gAQc/maxresdefault.jpg,oLI4Ku_gAQc,2026-01-08 15:38:30
4,Wish,Wonpil (DAY6) - Topic,46888,2436,0,2026-01-07T09:03:24Z,https://www.youtube.com/watch?v=4Mftjtzee9w,https://i.ytimg.com/vi/4Mftjtzee9w/maxresdefault.jpg,4Mftjtzee9w,2026-01-08 15:38:30
5,ì´ì•¼.. ì§„ì§œ ë¯¸ì³¤ë‹¤ ë¯¸ì³¤ì–´.. â‰ªì–´ë²¤ì ¸ìŠ¤: ë‘ ìŠ¤ë°ì´â‰« 3ì°¨ ì—‘ìŠ¤ë§¨ í‹°ì € ì˜ˆê³ í¸ ë–¡ë°¥ ì´ì •ë¦¬,ë¬´ë¹„ëµí¬_Movie Think,383693,5422,716,2026-01-06T15:23:19Z,https://www.youtube.com/watch?v=v_LcASFYFiE,https://i.ytimg.com/vi/v_LcASFYFiE/maxresdefault.jpg,v_LcASFYFiE,2026-01-08 15:38:30
6,ì´ˆíŒ¨ìŠ¤íŠ¸ ë³„ë˜¥ë³„ ì†Œí™˜ìˆ ,ì¡ìƒì‹±,206618,1596,77,2026-01-07T11:01:04Z,https://www.youtube.com/watch?v=WMzQU0pYHwM,https://i.ytimg.com/vi/WMzQU0pYHwM/maxresdefault.jpg,WMzQU0pYHwM,2026-01-08 15:38:30
7,LIE (2026 ver.),Ha Yea Song - Topic,33471,992,25,2026-01-07T09:03:18Z,https://www.youtube.com/watch?v=dXslk1nJLOM,https://i.ytimg.com/vi/dXslk1nJLOM/maxresdefault.jpg,dXslk1nJLOM,2026-01-08 15:38:30
8,[êµ°ì²´] 30ì´ˆ ì˜ˆê³ í¸,ì‡¼ë°•ìŠ¤ SHOWBOX,277804,1944,562,2026-01-05T22:30:05Z,https://www.youtube.com/watch?v=MWveUG9bZig,https://i.ytimg.com/vi/MWveUG9bZig/maxresdefault.jpg,MWveUG9bZig,2026-01-08 15:38:30
9,"""ë‚´ê°€ ì•„ë‹ˆë©´ ëˆ„ê°€ í•˜ë¦¬"" ê²°êµ­ ì‚¬ë¶€ì˜ ì†ì— ê²°ì •ëœ ë¬¸íŒŒëŒ€ì „ì˜ ê²°ë§..!",ì´ìƒí˜¸,184291,1028,193,2026-01-07T14:32:56Z,https://www.youtube.com/watch?v=ELFpVFycUUg,https://i.ytimg.com/vi/ELFpVFycUUg/maxresdefault.jpg,ELFpVFycUUg,2026-01-08 15:38:30
10,"ZICO,Â å¹¾ç”°ã‚Šã‚‰Â -Â DUETÂ /Â THEÂ FIRSTÂ TAKE",THE FIRST TAKE,453642,35264,1155,2026-01-07T13:00:07Z,https://www.youtube.com/watch?v=pP0Xn4c14ME,https://i.ytimg.com/vi/pP0Xn4c14ME/maxresdefault.jpg,pP0Xn4c14ME,2026-01-08 15:38:30
11,ì´ ì‚¬ë‘ í†µì—­ ë˜ë‚˜ìš”? | ê³µì‹ ì˜ˆê³ í¸ | ë„·í”Œë¦­ìŠ¤,Netflix Korea ë„·í”Œë¦­ìŠ¤ ì½”ë¦¬ì•„,448032,8226,835,2026-01-05T00:00:00Z,https://www.youtube.com/watch?v=IIHQ1Z2yu80,https://i.ytimg.com/vi/IIHQ1Z2yu80/maxresdefault.jpg,IIHQ1Z2yu80,2026-01-08 15:38:30
12,"280ëŒ€ ë ˆë²¨ ìµœì´ˆ! ë°ë²¤ì ¸ ë°ìŠ¤í‹°ë‹ˆ í•´ë°© ì™„ë£Œ ã„·ã„· [íŒ¡ì´ìš”,  ë©”ì´í”ŒìŠ¤í† ë¦¬]",íŒ¡ì´ìš”,200481,895,141,2026-01-07T10:37:06Z,https://www.youtube.com/watch?v=kVZYOQg9OqY,https://i.ytimg.com/vi/kVZYOQg9OqY/maxresdefault.jpg,kVZYOQg9OqY,2026-01-08 15:38:30
13,Not Like a Movie,H1-KEY - Topic,183551,2291,55,2026-01-05T09:03:22Z,https://www.youtube.com/watch?v=_UiZ-Uuw1ro,https://i.ytimg.com/vi/_UiZ-Uuw1ro/maxresdefault.jpg,_UiZ-Uuw1ro,2026-01-08 15:38:30
14,"ì™€.. ì—°ìƒí˜¸ ã€Šêµ°ì²´ã€‹ ì²« ì˜ˆê³ í¸ ë–´ë‹¤..ğŸ”¥ ""ë¶€ì‚°í–‰""ì„ ì‡ëŠ” í•œêµ­ ì¢€ë¹„ì˜í™” & ì¡´ì¬ê° ë¯¸ì¹œ ë¹ŒëŸ° ""êµ¬êµí™˜""ê¹Œì§€ã„·ã„· (+2026 í•œêµ­ì¢€ë¹„ ì‘í’ˆ ì´ì •ë¦¬)",ë§¤ë“œë¬´ë¹„ : MadMovie,142936,1093,258,2026-01-06T08:15:18Z,https://www.youtube.com/watch?v=oPmy99lZr6c,https://i.ytimg.com/vi/oPmy99lZr6c/maxresdefault.jpg,oPmy99lZr6c,2026-01-08 15:38:30
15,ë“œë””ì–´ ê²°ì „ì˜ ë‚ ..! ë¬¸íŒŒëŒ€ê²° ì²« ê²½ê¸°ë¶€í„° í”¼ë„›VSí´ë¦¬ë“œã„·ã„·ã€ë„›ì €ë°§í•©ìˆ™ EP.06ã€‘,ì €ë¼ëƒ JUSTLIKETHAT,294151,1775,383,2026-01-06T16:25:25Z,https://www.youtube.com/watch?v=JezzJzktvwc,https://i.ytimg.com/vi/JezzJzktvwc/maxresdefault.jpg,JezzJzktvwc,2026-01-08 15:38:30
16,Love Me More,Apink - Topic,274562,4823,143,2026-01-05T09:01:39Z,https://www.youtube.com/watch?v=BnqvaC65vvM,https://i.ytimg.com/vi/BnqvaC65vvM/maxresdefault.jpg,BnqvaC65vvM,2026-01-08 15:38:30
17,"Avengers: Doomsday - Trailer 4 ""The Wakandans & The Fantastic 4 Will Return"" | Marvel Studios",Teaser Universe,382977,3948,193,2026-01-07T11:30:36Z,https://www.youtube.com/watch?v=W-6Lp9zyDYc,https://i.ytimg.com/vi/W-6Lp9zyDYc/maxresdefault.jpg,W-6Lp9zyDYc,2026-01-08 15:38:30
18,ì ììš”ë¦¬ì‚¬,ê´´ë¬¼ì¥ ìœ íŠœë¸Œ,255421,1445,209,2026-01-07T13:00:17Z,https://www.youtube.com/watch?v=3nkxONJaUQU,https://i.ytimg.com/vi/3nkxONJaUQU/maxresdefault.jpg,3nkxONJaUQU,2026-01-08 15:38:30
19,Killer Joy,CNBLUE - Topic,31691,681,15,2026-01-07T09:00:38Z,https://www.youtube.com/watch?v=KUjWlTgqTyA,https://i.ytimg.com/vi/KUjWlTgqTyA/maxresdefault.jpg,KUjWlTgqTyA,2026-01-08 15:38:30
20,í•©ë¥˜ë„ í•œíƒ€ë„ í•„ìš”ì—†ë‹¤. 1ì¸ ìºë¦¬ ë§ë‚˜ë‹ˆë“¤ì˜ ì‹œëŒ€ 26ì‹œì¦Œ ì²« íŒ¨ì¹˜ ë³¸ì„­ ì ìš©!,ë¡¤ë°•ì‚¬ í•´ë„ë¦¬,115610,1197,799,2026-01-07T21:54:22Z,https://www.youtube.com/watch?v=SjAC1ErTSFo,https://i.ytimg.com/vi/SjAC1ErTSFo/maxresdefault.jpg,SjAC1ErTSFo,2026-01-08 15:38:30
21,Wishing Star,NCT WISH - Topic,44412,3360,220,2026-01-07T03:02:39Z,https://www.youtube.com/watch?v=Ry12zQzkGPk,https://i.ytimg.com/vi/Ry12zQzkGPk/maxresdefault.jpg,Ry12zQzkGPk,2026-01-08 15:38:30
22,[ë¹…ë³´ìŠ¤ 1. 7 ] ë¦¬ë‹ˆì§€m : 8ì¹´íƒˆ 2ê°œ ì„±ê³µ!!!,ë¹…ë³´ìŠ¤,100867,4510,51,2026-01-07T14:52:04Z,https://www.youtube.com/watch?v=ThCQah5I0f8,https://i.ytimg.com/vi/ThCQah5I0f8/maxresdefault.jpg,ThCQah5I0f8,2026-01-08 15:38:30
23,Punk Rocky,A$AP Rocky - Topic,602331,21856,765,2026-01-05T20:00:43Z,https://www.youtube.com/watch?v=hVWyWH-caAE,https://i.ytimg.com/vi/hVWyWH-caAE/maxresdefault.jpg,hVWyWH-caAE,2026-01-08 15:38:30
24,Salvation (ft. Forts) | For Demacia 2026 Season 1 Cinematic - League of Legends,League of Legends,2866842,168171,11652,2026-01-07T15:55:06Z,https://www.youtube.com/watch?v=e3D7Fj1PsWk,https://i.ytimg.com/vi/e3D7Fj1PsWk/maxresdefault.jpg,e3D7Fj1PsWk,2026-01-08 15:38:30
25,Kotonoha,tuki. - Topic,80878,2016,33,2026-01-05T10:01:43Z,https://www.youtube.com/watch?v=yvWGrak_vvU,https://i.ytimg.com/vi/yvWGrak_vvU/maxresdefault.jpg,yvWGrak_vvU,2026-01-08 15:38:30
26,ì´ìƒí˜¸ ê¹€ë¯¼êµ ì™”ë‹¤ã…‹ã…‹ ë³¸ìº í­í’í˜„ì§ˆ ê°œì›ƒê¹€ã…‹ã…‹ã…‹ã…‹ã…‹,ë‘ì¹˜ì™€ë¿Œê¾¸,110497,719,106,2026-01-07T11:00:40Z,https://www.youtube.com/watch?v=Js4BoP0t7mU,https://i.ytimg.com/vi/Js4BoP0t7mU/maxresdefault.jpg,Js4BoP0t7mU,2026-01-08 15:38:30
27,Dream (Veiled Musician X Paul Kim with Gamil-dong Cotton Candy) (Dream (ë² ì¼ë“œë®¤ì§€ì…˜ X...,Paul Kim - Topic,28977,523,7,2026-01-06T09:03:04Z,https://www.youtube.com/watch?v=UwUNEgb-0xU,https://i.ytimg.com/vi/UwUNEgb-0xU/maxresdefault.jpg,UwUNEgb-0xU,2026-01-08 15:38:30
28,[LIVE] ì•„ì´ì˜¨2 ì‹ ë…„ ë¼ì´ë¸Œ ë°©ì†¡,AION2,204342,3224,439,2026-01-06T13:18:17Z,https://www.youtube.com/watch?v=5jFZSI6dABo,https://i.ytimg.com/vi/5jFZSI6dABo/maxresdefault.jpg,5jFZSI6dABo,2026-01-08 15:38:30
29,Every Moment Of You (Piano Ver.),Sung Si-kyung - Topic,87180,203,6,2025-12-31T15:03:36Z,https://www.youtube.com/watch?v=Ps2UeoRG-U8,https://i.ytimg.com/vi/Ps2UeoRG-U8/maxresdefault.jpg,Ps2UeoRG-U8,2026-01-08 15:38:30
30,"[ìƒë°©ì†¡ ë‹¤ì‹œë³´ê¸°] ë¡œì‚¬ë‹¨ ì„¸ë¥´ì¹´ ì˜¤í”ˆëŸ° (w.ê°€ë¹„, í† ë¼, ìº¡ì­)",ì´ë‹¤ì˜ê²Œì„ë°©ì†¡,234614,0,8,2026-01-07T14:53:10Z,https://www.youtube.com/watch?v=SoxSG6378uw,https://i.ytimg.com/vi/SoxSG6378uw/maxresdefault.jpg,SoxSG6378uw,2026-01-08 15:38:30
31,ëª°ëì£ ,ì˜¤ì—°í•˜ - Topic,37650,5046,0,2025-12-22T03:01:50Z,https://www.youtube.com/watch?v=TsLxwwlhh6g,https://i.ytimg.com/vi/TsLxwwlhh6g/maxresdefault.jpg,TsLxwwlhh6g,2026-01-08 15:38:30
32,ì¼ë³¸ì„­ ì¦ë°”ëŒ ê·¹ì°¬ ë°›ì€ ì‚¬ëŒ,Official dopa,152475,784,152,2026-01-07T09:25:30Z,https://www.youtube.com/watch?v=2daZNtZ9hwo,https://i.ytimg.com/vi/2daZNtZ9hwo/maxresdefault.jpg,2daZNtZ9hwo,2026-01-08 15:38:30
33,When it turns white,entoy - Topic,133445,1900,37,2025-12-18T09:02:49Z,https://www.youtube.com/watch?v=Nhs9NKQ0-8E,https://i.ytimg.com/vi/Nhs9NKQ0-8E/maxresdefault.jpg,Nhs9NKQ0-8E,2026-01-08 15:38:30
34,ëŒ€ìƒí˜„,ìŠ¹ìƒì‹±,551330,11036,849,2026-01-05T19:01:20Z,https://www.youtube.com/watch?v=gfP62pnjig0,https://i.ytimg.com/vi/gfP62pnjig0/maxresdefault.jpg,gfP62pnjig0,2026-01-08 15:38:30
35,The Shape of Love (Prod. HwangHyun (MonoTree)),Release - Topic,36024,405,0,2025-12-31T09:02:51Z,https://www.youtube.com/watch?v=3oJb5-x07h0,https://i.ytimg.com/vi/3oJb5-x07h0/maxresdefault.jpg,3oJb5-x07h0,2026-01-08 15:38:30
36,ìƒìƒë„ ëª»í•œ ì§ì—… ì„ íƒ,ê¸€ìë„¤,124389,738,159,2026-01-07T09:15:13Z,https://www.youtube.com/watch?v=i40xNsFRC_0,https://i.ytimg.com/vi/i40xNsFRC_0/maxresdefault.jpg,i40xNsFRC_0,2026-01-08 15:38:30
37,1ì›”ì´ ë˜ë©´ ê¼­ ë“¤ì–´ì•¼ í•˜ëŠ” 7080 ë…¸ë˜ ë² ìŠ¤íŠ¸ ğŸ“» 50ëŒ€ 60ëŒ€ ë§ˆìŒì„ ìš¸ë¦¬ëŠ” ì¶”ì–µì˜ ë…¸ë˜ - ê·¸ì§‘ì•/ë°”ëŒë°”ëŒë°”ëŒ/ìŠí˜€ì§„ ì‚¬ë‘/ì•„ë“íˆë¨¼ê³³/ì–´ëŠ 60ëŒ€ ë…¸ë¶€ë¶€ ì´ì•¼ê¸°,Retro Radio 7080,15981,263,7,2026-01-05T22:01:03Z,https://www.youtube.com/watch?v=tQVAny6In-s,https://i.ytimg.com/vi/tQVAny6In-s/maxresdefault.jpg,tQVAny6In-s,2026-01-08 15:38:30
38,ìƒëŒ€ ë³¸ì§„ì— íŒŒì¼ëŸ° ë„ë°°í•´ì„œ ê±´ë¬¼ ëª» ì§“ê²Œ ë°©í•´í•´ ë´¤ë”ë‹ˆã…‹ã…‹ã…‹ã…‹,[ALTUBE] ê¹€ì„±í˜„TV,101538,955,114,2026-01-07T09:30:15Z,https://www.youtube.com/watch?v=Oielz65AOl0,https://i.ytimg.com/vi/Oielz65AOl0/maxresdefault.jpg,Oielz65AOl0,2026-01-08 15:38:30
39,Kim Cheolsu Story,Heo Hoy Kyung - Topic,61231,309,5,2025-12-20T02:04:42Z,https://www.youtube.com/watch?v=-obnQICeRCw,https://i.ytimg.com/vi/-obnQICeRCw/maxresdefault.jpg,-obnQICeRCw,2026-01-08 15:38:30
40,ì¶©ê²©ì ì¸ MZ ì¼ì§„ ê·¼í™©,ê°€ì¬ë§¨,127891,1616,246,2026-01-07T15:00:07Z,https://www.youtube.com/watch?v=3j09E2lYNwI,https://i.ytimg.com/vi/3j09E2lYNwI/maxresdefault.jpg,3j09E2lYNwI,2026-01-08 15:38:30
41,I Love You,AKMU - Topic,119401,226,10,2025-12-31T15:02:04Z,https://www.youtube.com/watch?v=s4PO3Wgftu8,https://i.ytimg.com/vi/s4PO3Wgftu8/maxresdefault.jpg,s4PO3Wgftu8,2026-01-08 15:38:30
42,ìœ ì •ì•„ ì˜¤ë¹  ë¯¿ì§€?,í´ë¦¬ë“œ,60655,704,116,2026-01-08T00:59:09Z,https://www.youtube.com/watch?v=VpoQRTGFkbE,https://i.ytimg.com/vi/VpoQRTGFkbE/maxresdefault.jpg,VpoQRTGFkbE,2026-01-08 15:38:30
43,7080 ë…¸ë˜ëª¨ìŒ | 50ëŒ€ì´ìƒì´ ë“¤ìœ¼ë©´ ì •ë§ ì¢‹ì•„í•  ë…¸ë˜ ì¶”ì²œê³¡ | 7080ë…¸ë˜ëª¨ìŒ ì£¼ì˜¥ê°™ì€ë…¸ë˜ | ì•„ë“íˆ ë¨¼ ê³³ - êµ¬ì°½ëª¨\ì´ì¬ì„± - ê·¸ì§‘ì•\ì–´ëŠ 60ëŒ€ ë…¸ë¶€ë¶€ ì´ì•¼ê¸°,KR - Playlits Hits 7080,12479,111,3,2026-01-05T21:00:06Z,https://www.youtube.com/watch?v=KLwUTmHEFu4,https://i.ytimg.com/vi/KLwUTmHEFu4/maxresdefault.jpg,KLwUTmHEFu4,2026-01-08 15:38:30
44,NEW ìŠ¹ê°ê³¼ í•¨ê»˜í•˜ëŠ” ê¸°ì°¨ ë§ˆí”¼ì•„ *ì†Œë¦„ì£¼ì˜*,ì ëœ° TV,253096,12509,949,2026-01-06T07:56:00Z,https://www.youtube.com/watch?v=6uqJdMfsQ0g,https://i.ytimg.com/vi/6uqJdMfsQ0g/maxresdefault.jpg,6uqJdMfsQ0g,2026-01-08 15:38:30
45,Talk To Me,Robyn - Topic,32143,756,27,2026-01-07T17:03:00Z,https://www.youtube.com/watch?v=6Zi66dIfk0I,https://i.ytimg.com/vi/6Zi66dIfk0I/maxresdefault.jpg,6Zi66dIfk0I,2026-01-08 15:38:30
46,ì¦‰ì‚¬ ì•„ì´í…œë§Œ ì“°ëŠ” ì–´ë‘ ì˜ ë§ˆë¦¬ì˜¤ íŒŒí‹°ã…‹ã…‹ã…‹,ì™ˆë„ì¿¤,117313,2830,131,2026-01-07T11:01:38Z,https://www.youtube.com/watch?v=prWHYJiw-SE,https://i.ytimg.com/vi/prWHYJiw-SE/maxresdefault.jpg,prWHYJiw-SE,2026-01-08 15:38:30
47,ë¬´ì§€ì„± ì˜¬ì¸ ê±°ì¸,PAKA,266662,1928,223,2026-01-06T08:30:15Z,https://www.youtube.com/watch?v=urDIai6diM0,https://i.ytimg.com/vi/urDIai6diM0/maxresdefault.jpg,urDIai6diM0,2026-01-08 15:38:30
48,26.01.07(ìˆ˜) ã€ ì¸í”¼ì‰° ìƒë°©ì†¡ ë‹¤ì‹œë³´ê¸° ã€‘ ìŠ¤íƒ€ ë¹¨ë¬´ ìŠ¤íƒ€í¬ë˜í”„íŠ¸ Starcraft,ì¸í”¼ì‰°,99849,3143,3,2026-01-07T16:10:11Z,https://www.youtube.com/watch?v=U7NP0-8fiEw,https://i.ytimg.com/vi/U7NP0-8fiEw/maxresdefault.jpg,U7NP0-8fiEw,2026-01-08 15:38:30
49,í°ì¼ì€ ì‹¤ë²„ê°€ í•œë‹¤ : í¬ì¼“ëª¬ ë˜ã€í¬ì¼“ëª¬ìŠ¤í„° ë”ìŠ¤í¬ ì‹œë¦¬ì¦ˆã€‘#2,ê·¼ê°€ë†ˆ,90474,1145,225,2026-01-07T10:00:55Z,https://www.youtube.com/watch?v=_MLM3nOxb9w,https://i.ytimg.com/vi/_MLM3nOxb9w/maxresdefault.jpg,_MLM3nOxb9w,2026-01-08 15:38:30
50,ã€ íƒ¬íƒ¬ë²„ë¦° ã€‘ - ì´ì„¸ê³„ë¥¼ ì§€í‚¤ëŠ” ìš©ì‚¬ë“¤ì€ ë§íˆ¬ê°€ ì´ìƒí•˜ë‹¤ ã…‹ã…‹ã…‹ã…‹ (ë©‹ì‚¬ê³µì±…RPG 2í¸),íƒ¬íƒ¬ë²„ë¦°,161541,2430,120,2026-01-07T07:00:51Z,https://www.youtube.com/watch?v=uDYsQd9BQPI,https://i.ytimg.com/vi/uDYsQd9BQPI/maxresdefault.jpg,uDYsQd9BQPI,2026-01-08 15:38:30
